Age,Both sexes,Male,Female,Year
Total,8799446,4283799,4515647,2010
.Under 5 years,540774,276023,264751,2010
.5 to 9 years,563519,287944,275575,2010
.10 to 14 years,586505,299881,286624,2010
.15 to 19 years,598137,309197,288940,2010
.20 to 24 years,542092,279919,262173,2010
.25 to 29 years,553985,278511,275474,2010
.30 to 34 years,558075,276125,281950,2010
.35 to 39 years,584628,287757,296871,2010
.40 to 44 years,647598,316592,331006,2010
.45 to 49 years,702952,343745,359207,2010
.50 to 54 years,676651,329227,347424,2010
.55 to 59 years,569956,274350,295606,2010
.60 to 64 years,484023,228700,255323,2010
.65 to 69 years,353839,163012,190827,2010
.70 to 74 years,261410,116139,145271,2010
.75 to 79 years,214956,90117,124839,2010
.80 to 84 years,179318,69651,109667,2010
.85 years and over,181028,56909,124119,2010
.Under 18 years,2061666,1054392,1007274,2010
.Under 5 years,540774,276023,264751,2010
.5 to 13 years,1031277,527145,504132,2010
.14 to 17 years,489615,251224,238391,2010
.18 to 64 years,5547229,2733579,2813650,2010
.18 to 24 years,769361,398572,370789,2010
.25 to 44 years,2344286,1158985,1185301,2010
.45 to 64 years,2433582,1176022,1257560,2010
.65 years and over,1190551,495828,694723,2010
.16 years and over,6986984,3357529,3629455,2010
.18 years and over,6737780,3229407,3508373,2010
.15 to 44 years,3484515,1748101,1736414,2010
Median age (years),39,37,40,2010
Total,8828117,4300684,4527433,2011
.Under 5 years,539084,275085,263999,2011
.5 to 9 years,560157,286180,273977,2011
.10 to 14 years,583187,298208,284979,2011
.15 to 19 years,595374,307218,288156,2011
.20 to 24 years,547652,283090,264562,2011
.25 to 29 years,556434,281156,275278,2011
.30 to 34 years,563742,279189,284553,2011
.35 to 39 years,567620,280034,287586,2011
.40 to 44 years,641203,313589,327614,2011
.45 to 49 years,691319,337498,353821,2011
.50 to 54 years,684330,333564,350766,2011
.55 to 59 years,586263,282381,303882,2011
.60 to 64 years,501514,237223,264291,2011
.65 to 69 years,365160,168672,196488,2011
.70 to 74 years,267196,118751,148445,2011
.75 to 79 years,213886,90247,123639,2011
.80 to 84 years,178620,69616,109004,2011
.85 years and over,185376,58983,126393,2011
.Under 18 years,2047429,1046642,1000787,2011
.Under 5 years,539084,275085,263999,2011
.5 to 13 years,1025413,524217,501196,2011
.14 to 17 years,482932,247340,235592,2011
.18 to 64 years,5570450,2747773,2822677,2011
.18 to 24 years,778025,403139,374886,2011
.25 to 44 years,2328999,1153968,1175031,2011
.45 to 64 years,2463426,1190666,1272760,2011
.65 years and over,1210238,506269,703969,2011
.16 years and over,7026807,3380438,3646369,2011
.18 years and over,6780688,3254042,3526646,2011
.15 to 44 years,3472025,1744276,1727749,2011
Median age (years),39.2,37.5,40.6,2011
Total,8844942,4310704,4534238,2012
.Under 5 years,533306,272104,261202,2012
.5 to 9 years,558799,285164,273635,2012
.10 to 14 years,577544,295329,282215,2012
.15 to 19 years,587733,302563,285170,2012
.20 to 24 years,555430,286882,268548,2012
.25 to 29 years,555004,282080,272924,2012
.30 to 34 years,567094,281266,285828,2012
.35 to 39 years,560295,276837,283458,2012
.40 to 44 years,630824,309073,321751,2012
.45 to 49 years,676912,329393,347519,2012
.50 to 54 years,686024,335030,350994,2012
.55 to 59 years,604617,291494,313123,2012
.60 to 64 years,497148,235639,261509,2012
.65 to 69 years,393989,182387,211602,2012
.70 to 74 years,278275,123841,154434,2012
.75 to 79 years,214266,90975,123291,2012
.80 to 84 years,177260,69353,107907,2012
.85 years and over,190422,61294,129128,2012
.Under 18 years,2028534,1036331,992203,2012
.Under 5 years,533306,272104,261202,2012
.5 to 13 years,1019451,520849,498602,2012
.14 to 17 years,475777,243378,232399,2012
.18 to 64 years,5562196,2746523,2815673,2012
.18 to 24 years,784278,405711,378567,2012
.25 to 44 years,2313217,1149256,1163961,2012
.45 to 64 years,2464701,1191556,1273145,2012
.65 years and over,1254212,527850,726362,2012
.16 years and over,7057318,3397944,3659374,2012
.18 years and over,6816408,3274373,3542035,2012
.15 to 44 years,3456380,1738701,1717679,2012
Median age (years),39.4,37.7,40.9,2012
Total,8856972,4318940,4538032,2013
.Under 5 years,528220,269688,258532,2013
.5 to 9 years,555467,283263,272204,2013
.10 to 14 years,573473,293022,280451,2013
.15 to 19 years,579314,297858,281456,2013
.20 to 24 years,564611,291141,273470,2013
.25 to 29 years,554351,282702,271649,2013
.30 to 34 years,569488,283095,286393,2013
.35 to 39 years,558926,276803,282123,2013
.40 to 44 years,616293,302324,313969,2013
.45 to 49 years,659881,321118,338763,2013
.50 to 54 years,686176,335396,350780,2013
.55 to 59 years,620561,299322,321239,2013
.60 to 64 years,503646,239011,264635,2013
.65 to 69 years,406250,188503,217747,2013
.70 to 74 years,295173,131722,163451,2013
.75 to 79 years,217431,92631,124800,2013
.80 to 84 years,174367,68496,105871,2013
.85 years and over,193344,62845,130499,2013
.Under 18 years,2011356,1026940,984416,2013
.Under 5 years,528220,269688,258532,2013
.5 to 13 years,1012644,516851,495793,2013
.14 to 17 years,470492,240401,230091,2013
.18 to 64 years,5559051,2747803,2811248,2013
.18 to 24 years,789729,408032,381697,2013
.25 to 44 years,2299058,1144924,1154134,2013
.45 to 64 years,2470264,1194847,1275417,2013
.65 years and over,1286565,544197,742368,2013
.16 years and over,7082853,3413242,3669611,2013
.18 years and over,6845616,3292000,3553616,2013
.15 to 44 years,3442983,1733923,1709060,2013
Median age (years),39.5,37.9,41.1,2013
Total,8864525,4323988,4540537,2014
.Under 5 years,526769,268946,257823,2014
.5 to 9 years,548787,279879,268908,2014
.10 to 14 years,570785,291356,279429,2014
.15 to 19 years,572269,294121,278148,2014
.20 to 24 years,569115,292373,276742,2014
.25 to 29 years,555254,284350,270904,2014
.30 to 34 years,569027,283743,285284,2014
.35 to 39 years,560459,277318,283141,2014
.40 to 44 years,599981,295007,304974,2014
.45 to 49 years,642955,313076,329879,2014
.50 to 54 years,684235,333921,350314,2014
.55 to 59 years,632578,305580,326998,2014
.60 to 64 years,514843,244933,269910,2014
.65 to 69 years,421587,195591,225996,2014
.70 to 74 years,305836,136700,169136,2014
.75 to 79 years,221796,94820,126976,2014
.80 to 84 years,171787,67873,103914,2014
.85 years and over,196462,64401,132061,2014
.Under 18 years,1998397,1020172,978225,2014
.Under 5 years,526769,268946,257823,2014
.5 to 13 years,1002238,511258,490980,2014
.14 to 17 years,469390,239968,229422,2014
.18 to 64 years,5548660,2744431,2804229,2014
.18 to 24 years,789328,406503,382825,2014
.25 to 44 years,2284721,1140418,1144303,2014
.45 to 64 years,2474611,1197510,1277101,2014
.65 years and over,1317468,559385,758083,2014
.16 years and over,7101777,3424274,3677503,2014
.18 years and over,6866128,3303816,3562312,2014
.15 to 44 years,3426105,1726912,1699193,2014
Median age (years),39.6,38,41.2,2014
Total,8867949,4326382,4541567,2015
.Under 5 years,524230,267731,256499,2015
.5 to 9 years,543490,277014,266476,2015
.10 to 14 years,564798,288144,276654,2015
.15 to 19 years,568071,291571,276500,2015
.20 to 24 years,568271,291023,277248,2015
.25 to 29 years,558474,286124,272350,2015
.30 to 34 years,566600,283239,283361,2015
.35 to 39 years,564881,279548,285333,2015
.40 to 44 years,581781,286659,295122,2015
.45 to 49 years,632435,308369,324066,2015
.50 to 54 years,676966,329862,347104,2015
.55 to 59 years,641507,310525,330982,2015
.60 to 64 years,529122,252200,276922,2015
.65 to 69 years,437191,203028,234163,2015
.70 to 74 years,315264,141414,173850,2015
.75 to 79 years,225747,96679,129068,2015
.80 to 84 years,169780,67419,102361,2015
.85 years and over,199341,65833,133508,2015
.Under 18 years,1984003,1012659,971344,2015
.Under 5 years,524230,267731,256499,2015
.5 to 13 years,993218,506404,486814,2015
.14 to 17 years,466555,238524,228031,2015
.18 to 64 years,5536623,2739350,2797273,2015
.18 to 24 years,784857,402824,382033,2015
.25 to 44 years,2271736,1135570,1136166,2015
.45 to 64 years,2480030,1200956,1279074,2015
.65 years and over,1347323,574373,772950,2015
.16 years and over,7118033,3433451,3684582,2015
.18 years and over,6883946,3313723,3570223,2015
.15 to 44 years,3408078,1718164,1689914,2015
Median age (years),39.8,38.1,41.3,2015
Total,8870827,4329900,4540927,2016
.Under 5 years,520785,265696,255089,2016
.5 to 9 years,540693,275732,264961,2016
.10 to 14 years,560703,286101,274602,2016
.15 to 19 years,563902,289521,274381,2016
.20 to 24 years,563097,287587,275510,2016
.25 to 29 years,562360,288337,274023,2016
.30 to 34 years,568752,285612,283140,2016
.35 to 39 years,569165,281732,287433,2016
.40 to 44 years,564016,278603,285413,2016
.45 to 49 years,625153,304775,320378,2016
.50 to 54 years,663427,323109,340318,2016
.55 to 59 years,647177,314040,333137,2016
.60 to 64 years,542606,258808,283798,2016
.65 to 69 years,452211,210154,242057,2016
.70 to 74 years,324621,146076,178545,2016
.75 to 79 years,230521,98815,131706,2016
.80 to 84 years,169555,67926,101629,2016
.85 years and over,202083,67276,134807,2016
.Under 18 years,1971351,1006223,965128,2016
.Under 5 years,520785,265696,255089,2016
.5 to 13 years,988952,504612,484340,2016
.14 to 17 years,461614,235915,225699,2016
.18 to 64 years,5520485,2733430,2787055,2016
.18 to 24 years,777829,398414,379415,2016
.25 to 44 years,2264293,1134284,1130009,2016
.45 to 64 years,2478363,1200732,1277631,2016
.65 years and over,1378991,590247,788744,2016
.16 years and over,7133718,3443648,3690070,2016
.18 years and over,6899476,3323677,3575799,2016
.15 to 44 years,3391292,1711392,1679900,2016
Median age (years),39.9,38.3,41.5,2016
Total,8885525,4338574,4546951,2017
.Under 5 years,519947,265424,254523,2017
.5 to 9 years,536998,274027,262971,2017
.10 to 14 years,560490,285884,274606,2017
.15 to 19 years,559647,287171,272476,2017
.20 to 24 years,557521,283677,273844,2017
.25 to 29 years,571691,292933,278758,2017
.30 to 34 years,569229,286962,282267,2017
.35 to 39 years,574891,284915,289976,2017
.40 to 44 years,556406,275049,281357,2017
.45 to 49 years,615189,300781,314408,2017
.50 to 54 years,648973,315120,333853,2017
.55 to 59 years,646962,314584,332378,2017
.60 to 64 years,558106,266644,291462,2017
.65 to 69 years,447507,208200,239307,2017
.70 to 74 years,349042,157535,191507,2017
.75 to 79 years,239849,103033,136816,2017
.80 to 84 years,170251,68557,101694,2017
.85 years and over,202826,68078,134748,2017
.Under 18 years,1963383,1002140,961243,2017
.Under 5 years,519947,265424,254523,2017
.5 to 13 years,984245,502153,482092,2017
.14 to 17 years,459191,234563,224628,2017
.18 to 64 years,5512667,2731031,2781636,2017
.18 to 24 years,771220,394043,377177,2017
.25 to 44 years,2272217,1139859,1132358,2017
.45 to 64 years,2469230,1197129,1272101,2017
.65 years and over,1409475,605403,804072,2017
.16 years and over,7155363,3455822,3699541,2017
.18 years and over,6922142,3336434,3585708,2017
.15 to 44 years,3389385,1710707,1678678,2017
Median age (years),39.9,38.4,41.5,2017
Total,8886025,4340687,4545338,2018
.Under 5 years,518204,264756,253448,2018
.5 to 9 years,533339,272354,260985,2018
.10 to 14 years,558065,284357,273708,2018
.15 to 19 years,555762,285049,270713,2018
.20 to 24 years,548001,278383,269618,2018
.25 to 29 years,578101,296030,282071,2018
.30 to 34 years,569145,287809,281336,2018
.35 to 39 years,578975,287492,291483,2018
.40 to 44 years,555570,275221,280349,2018
.45 to 49 years,600950,294214,306736,2018
.50 to 54 years,631875,306706,325169,2018
.55 to 59 years,645196,313952,331244,2018
.60 to 64 years,571159,272835,298324,2018
.65 to 69 years,452159,210813,241346,2018
.70 to 74 years,358689,162113,196576,2018
.75 to 79 years,254128,109631,144497,2018
.80 to 84 years,173357,70213,103144,2018
.85 years and over,203350,68759,134591,2018
.Under 18 years,1951193,995843,955350,2018
.Under 5 years,518204,264756,253448,2018
.5 to 13 years,977802,498903,478899,2018
.14 to 17 years,455187,232184,223003,2018
.18 to 64 years,5493149,2723315,2769834,2018
.18 to 24 years,762178,389056,373122,2018
.25 to 44 years,2281791,1146552,1135239,2018
.45 to 64 years,2449180,1187707,1261473,2018
.65 years and over,1441683,621529,820154,2018
.16 years and over,7163011,3461317,3701694,2018
.18 years and over,6934832,3344844,3589988,2018
.15 to 44 years,3385554,1709984,1675570,2018
Median age (years),40,38.5,41.6,2018
Total,8882190,4340587,4541603,2019
.Under 5 years,514690,263049,251641,2019
.5 to 9 years,532258,271985,260273,2019
.10 to 14 years,551709,281112,270597,2019
.15 to 19 years,552830,283520,269310,2019
.20 to 24 years,540725,274492,266233,2019
.25 to 29 years,579238,295532,283706,2019
.30 to 34 years,573040,290819,282221,2019
.35 to 39 years,580139,289219,290920,2019
.40 to 44 years,557554,275853,281701,2019
.45 to 49 years,584884,287131,297753,2019
.50 to 54 years,615939,299370,316569,2019
.55 to 59 years,642602,312308,330294,2019
.60 to 64 years,581047,278055,302992,2019
.65 to 69 years,461456,215665,245791,2019
.70 to 74 years,371410,167733,203677,2019
.75 to 79 years,262580,113487,149093,2019
.80 to 84 years,176985,71972,105013,2019
.85 years and over,203104,69285,133819,2019
.Under 18 years,1938578,989586,948992,2019
.Under 5 years,514690,263049,251641,2019
.5 to 13 years,971762,495854,475908,2019
.14 to 17 years,452126,230683,221443,2019
.18 to 64 years,5468077,2712859,2755218,2019
.18 to 24 years,753634,384572,369062,2019
.25 to 44 years,2289971,1151423,1138548,2019
.45 to 64 years,2424472,1176864,1247608,2019
.65 years and over,1475535,638142,837393,2019
.16 years and over,7169881,3466571,3703310,2019
.18 years and over,6943612,3351001,3592611,2019
.15 to 44 years,3383526,1709435,1674091,2019
Median age (years),40.1,38.6,41.7,2019
