Supersector,NSA_Employees,Date,NSA_Employees_Growth
"Mining, Logging, and Construction",5854700,1/1/2010,-15.03
Manufacturing,11445500,1/1/2010,-8.93
"Trade, Transportation, and Utilities",24424300,1/1/2010,-3.81
Information,2726500,1/1/2010,-6.19
Financial Activities,7594500,1/1/2010,-3.87
Professional and Business Services,16268700,1/1/2010,-3.45
Education and Health Services,19811800,1/1/2010,1.77
Leisure and Hospitality,12341200,1/1/2010,-2.2
Other Services,5158200,1/1/2010,-2.28
Government,22887200,1/1/2010,-0.5
"Mining, Logging, and Construction",5774900,2/1/2010,-14.25
Manufacturing,11425100,2/1/2010,-7.74
"Trade, Transportation, and Utilities",24206800,2/1/2010,-3.29
Information,2724300,2/1/2010,-6.03
Financial Activities,7589500,2/1/2010,-3.56
Professional and Business Services,16368200,2/1/2010,-2.26
Education and Health Services,20006600,2/1/2010,1.62
Leisure and Hospitality,12420200,2/1/2010,-1.98
Other Services,5167600,2/1/2010,-2.31
Government,23229900,2/1/2010,-0.51
"Mining, Logging, and Construction",5914800,3/1/2010,-11.87
Manufacturing,11461400,3/1/2010,-6.1
"Trade, Transportation, and Utilities",24328900,3/1/2010,-2.4
Information,2730400,3/1/2010,-5.5
Financial Activities,7603200,3/1/2010,-3.07
Professional and Business Services,16507000,3/1/2010,-0.96
Education and Health Services,20106100,3/1/2010,1.79
Leisure and Hospitality,12671900,3/1/2010,-1.4
Other Services,5205600,3/1/2010,-1.85
Government,23379600,3/1/2010,-0.25
"Mining, Logging, and Construction",6175600,4/1/2010,-7.92
Manufacturing,11509900,4/1/2010,-4.29
"Trade, Transportation, and Utilities",24498100,4/1/2010,-1.27
Information,2719600,4/1/2010,-4.87
Financial Activities,7613800,4/1/2010,-2.63
Professional and Business Services,16824600,4/1/2010,1.05
Education and Health Services,20180600,4/1/2010,1.9
Leisure and Hospitality,13081000,4/1/2010,-0.2
Other Services,5224300,4/1/2010,-1.64
Government,23508100,4/1/2010,-0.21
"Mining, Logging, and Construction",6303900,5/1/2010,-7.31
Manufacturing,11574100,5/1/2010,-2.7
"Trade, Transportation, and Utilities",24683900,5/1/2010,-1.09
Information,2727900,5/1/2010,-4.45
Financial Activities,7633600,5/1/2010,-2.4
Professional and Business Services,16870100,5/1/2010,1.57
Education and Health Services,20150300,5/1/2010,1.77
Leisure and Hospitality,13379400,5/1/2010,-0.69
Other Services,5251500,5/1/2010,-1.57
Government,23954300,5/1/2010,1.74
"Mining, Logging, and Construction",6429200,6/1/2010,-6.33
Manufacturing,11666800,6/1/2010,-1.45
"Trade, Transportation, and Utilities",24816900,6/1/2010,-0.72
Information,2746900,6/1/2010,-3.82
Financial Activities,7684500,6/1/2010,-1.96
Professional and Business Services,17031000,6/1/2010,2.33
Education and Health Services,19905800,6/1/2010,1.57
Leisure and Hospitality,13663900,6/1/2010,-0.16
Other Services,5308200,6/1/2010,-1.35
Government,23139400,6/1/2010,0.77
"Mining, Logging, and Construction",6513900,7/1/2010,-4.93
Manufacturing,11680300,7/1/2010,-0.51
"Trade, Transportation, and Utilities",24745200,7/1/2010,-0.2
Information,2732200,7/1/2010,-3.34
Financial Activities,7695000,7/1/2010,-1.51
Professional and Business Services,17083100,7/1/2010,3.21
Education and Health Services,19776000,7/1/2010,1.56
Leisure and Hospitality,13700200,7/1/2010,0.23
Other Services,5301100,7/1/2010,-0.95
Government,21752100,7/1/2010,-0.15
"Mining, Logging, and Construction",6533200,8/1/2010,-3.95
Manufacturing,11712800,8/1/2010,-0.4
"Trade, Transportation, and Utilities",24792400,8/1/2010,0.04
Information,2735100,8/1/2010,-2.78
Financial Activities,7692700,8/1/2010,-1.16
Professional and Business Services,17161100,8/1/2010,3.48
Education and Health Services,19805900,8/1/2010,1.5
Leisure and Hospitality,13725200,8/1/2010,0.6
Other Services,5279700,8/1/2010,-0.79
Government,21792000,8/1/2010,-0.46
"Mining, Logging, and Construction",6474700,9/1/2010,-3.29
Manufacturing,11705200,9/1/2010,-0.15
"Trade, Transportation, and Utilities",24712800,9/1/2010,-0.14
Information,2725200,9/1/2010,-2.34
Financial Activities,7637400,9/1/2010,-0.91
Professional and Business Services,17118200,9/1/2010,3.58
Education and Health Services,20103100,9/1/2010,1.64
Leisure and Hospitality,13445500,9/1/2010,0.83
Other Services,5227500,9/1/2010,-0.53
Government,22674100,9/1/2010,-0.56
"Mining, Logging, and Construction",6468300,10/1/2010,-2.14
Manufacturing,11701300,10/1/2010,0.36
"Trade, Transportation, and Utilities",24952200,10/1/2010,0.58
Information,2708800,10/1/2010,-2.08
Financial Activities,7666400,10/1/2010,-0.37
Professional and Business Services,17317100,10/1/2010,3.86
Education and Health Services,20397000,10/1/2010,1.74
Leisure and Hospitality,13204100,10/1/2010,1.53
Other Services,5248300,10/1/2010,-0.07
Government,23168000,10/1/2010,-0.78
"Mining, Logging, and Construction",6363200,11/1/2010,-1.78
Manufacturing,11687000,11/1/2010,0.69
"Trade, Transportation, and Utilities",25379100,11/1/2010,0.83
Information,2719500,11/1/2010,-1.95
Financial Activities,7668900,11/1/2010,-0.16
Professional and Business Services,17325800,11/1/2010,3.58
Education and Health Services,20471200,11/1/2010,1.73
Leisure and Hospitality,13028000,11/1/2010,1.83
Other Services,5236100,11/1/2010,-0.09
Government,23282500,11/1/2010,-0.62
"Mining, Logging, and Construction",6184100,12/1/2010,-1.59
Manufacturing,11697100,12/1/2010,0.96
"Trade, Transportation, and Utilities",25668600,12/1/2010,1.11
Information,2739100,12/1/2010,-1.56
Financial Activities,7704900,12/1/2010,0.1
Professional and Business Services,17341500,12/1/2010,3.7
Education and Health Services,20471800,12/1/2010,1.63
Leisure and Hospitality,13012800,12/1/2010,1.9
Other Services,5232600,12/1/2010,-0.1
Government,23133900,12/1/2010,-0.77
"Mining, Logging, and Construction",5796800,1/1/2011,-0.99
Manufacturing,11595700,1/1/2011,1.31
"Trade, Transportation, and Utilities",24709200,1/1/2011,1.17
Information,2693800,1/1/2011,-1.2
Financial Activities,7620000,1/1/2011,0.34
Professional and Business Services,16927000,1/1/2011,4.05
Education and Health Services,20149600,1/1/2011,1.71
Leisure and Hospitality,12586700,1/1/2011,1.99
Other Services,5164100,1/1/2011,0.11
Government,22717700,1/1/2011,-0.74
"Mining, Logging, and Construction",5802000,2/1/2011,0.47
Manufacturing,11624200,2/1/2011,1.74
"Trade, Transportation, and Utilities",24560000,2/1/2011,1.46
Information,2693900,2/1/2011,-1.12
Financial Activities,7627600,2/1/2011,0.5
Professional and Business Services,17068000,2/1/2011,4.28
Education and Health Services,20385700,2/1/2011,1.89
Leisure and Hospitality,12686200,2/1/2011,2.14
Other Services,5191700,2/1/2011,0.47
Government,23080100,2/1/2011,-0.64
"Mining, Logging, and Construction",5934000,3/1/2011,0.32
Manufacturing,11676600,3/1/2011,1.88
"Trade, Transportation, and Utilities",24657300,3/1/2011,1.35
Information,2699300,3/1/2011,-1.14
Financial Activities,7640900,3/1/2011,0.5
Professional and Business Services,17201400,3/1/2011,4.21
Education and Health Services,20462300,3/1/2011,1.77
Leisure and Hospitality,12974900,3/1/2011,2.39
Other Services,5226000,3/1/2011,0.39
Government,23165100,3/1/2011,-0.92
"Mining, Logging, and Construction",6160600,4/1/2011,-0.24
Manufacturing,11739100,4/1/2011,1.99
"Trade, Transportation, and Utilities",24884700,4/1/2011,1.58
Information,2698200,4/1/2011,-0.79
Financial Activities,7659000,4/1/2011,0.59
Professional and Business Services,17479200,4/1/2011,3.89
Education and Health Services,20560300,4/1/2011,1.88
Leisure and Hospitality,13349600,4/1/2011,2.05
Other Services,5272500,4/1/2011,0.92
Government,23205800,4/1/2011,-1.29
"Mining, Logging, and Construction",6314600,5/1/2011,0.17
Manufacturing,11788900,5/1/2011,1.86
"Trade, Transportation, and Utilities",25025000,5/1/2011,1.38
Information,2702600,5/1/2011,-0.93
Financial Activities,7676400,5/1/2011,0.56
Professional and Business Services,17477100,5/1/2011,3.6
Education and Health Services,20500700,5/1/2011,1.74
Leisure and Hospitality,13660500,5/1/2011,2.1
Other Services,5296500,5/1/2011,0.86
Government,23166100,5/1/2011,-3.29
"Mining, Logging, and Construction",6470200,6/1/2011,0.64
Manufacturing,11880500,6/1/2011,1.83
"Trade, Transportation, and Utilities",25139600,6/1/2011,1.3
Information,2711600,6/1/2011,-1.29
Financial Activities,7723300,6/1/2011,0.5
Professional and Business Services,17592200,6/1/2011,3.3
Education and Health Services,20228700,6/1/2011,1.62
Leisure and Hospitality,13952000,6/1/2011,2.11
Other Services,5354500,6/1/2011,0.87
Government,22543600,6/1/2011,-2.57
"Mining, Logging, and Construction",6588300,7/1/2011,1.14
Manufacturing,11904300,7/1/2011,1.92
"Trade, Transportation, and Utilities",25114700,7/1/2011,1.49
Information,2720000,7/1/2011,-0.45
Financial Activities,7750300,7/1/2011,0.72
Professional and Business Services,17658300,7/1/2011,3.37
Education and Health Services,20097500,7/1/2011,1.63
Leisure and Hospitality,13989700,7/1/2011,2.11
Other Services,5353100,7/1/2011,0.98
Government,21345100,7/1/2011,-1.87
"Mining, Logging, and Construction",6626700,8/1/2011,1.43
Manufacturing,11953300,8/1/2011,2.05
"Trade, Transportation, and Utilities",25181800,8/1/2011,1.57
Information,2681500,8/1/2011,-1.96
Financial Activities,7755800,8/1/2011,0.82
Professional and Business Services,17757500,8/1/2011,3.48
Education and Health Services,20151200,8/1/2011,1.74
Leisure and Hospitality,14029900,8/1/2011,2.22
Other Services,5330900,8/1/2011,0.97
Government,21496500,8/1/2011,-1.36
"Mining, Logging, and Construction",6605200,9/1/2011,2.02
Manufacturing,11929500,9/1/2011,1.92
"Trade, Transportation, and Utilities",25153400,9/1/2011,1.78
Information,2698300,9/1/2011,-0.99
Financial Activities,7715000,9/1/2011,1.02
Professional and Business Services,17797900,9/1/2011,3.97
Education and Health Services,20513200,9/1/2011,2.04
Leisure and Hospitality,13745600,9/1/2011,2.23
Other Services,5287900,9/1/2011,1.16
Government,22498200,9/1/2011,-0.78
"Mining, Logging, and Construction",6572700,10/1/2011,1.61
Manufacturing,11912000,10/1/2011,1.8
"Trade, Transportation, and Utilities",25316800,10/1/2011,1.46
Information,2697300,10/1/2011,-0.42
Financial Activities,7713400,10/1/2011,0.61
Professional and Business Services,17864400,10/1/2011,3.16
Education and Health Services,20728300,10/1/2011,1.62
Leisure and Hospitality,13467600,10/1/2011,2
Other Services,5281900,10/1/2011,0.64
Government,22927100,10/1/2011,-1.04
"Mining, Logging, and Construction",6498200,11/1/2011,2.12
Manufacturing,11904300,11/1/2011,1.86
"Trade, Transportation, and Utilities",25819700,11/1/2011,1.74
Information,2708600,11/1/2011,-0.4
Financial Activities,7716200,11/1/2011,0.62
Professional and Business Services,17913400,11/1/2011,3.39
Education and Health Services,20812300,11/1/2011,1.67
Leisure and Hospitality,13322900,11/1/2011,2.26
Other Services,5276400,11/1/2011,0.77
Government,23022900,11/1/2011,-1.12
"Mining, Logging, and Construction",6362800,12/1/2011,2.89
Manufacturing,11916600,12/1/2011,1.88
"Trade, Transportation, and Utilities",26087000,12/1/2011,1.63
Information,2713000,12/1/2011,-0.95
Financial Activities,7747100,12/1/2011,0.55
Professional and Business Services,17905400,12/1/2011,3.25
Education and Health Services,20835000,12/1/2011,1.77
Leisure and Hospitality,13293100,12/1/2011,2.15
Other Services,5282800,12/1/2011,0.96
Government,22898400,12/1/2011,-1.02
"Mining, Logging, and Construction",6055300,1/1/2012,4.46
Manufacturing,11838900,1/1/2012,2.1
"Trade, Transportation, and Utilities",25184000,1/1/2012,1.92
Information,2681900,1/1/2012,-0.44
Financial Activities,7671900,1/1/2012,0.68
Professional and Business Services,17498200,1/1/2012,3.37
Education and Health Services,20520000,1/1/2012,1.84
Leisure and Hospitality,12958500,1/1/2012,2.95
Other Services,5229300,1/1/2012,1.26
Government,22420700,1/1/2012,-1.31
"Mining, Logging, and Construction",6052800,2/1/2012,4.32
Manufacturing,11865000,2/1/2012,2.07
"Trade, Transportation, and Utilities",24971000,2/1/2012,1.67
Information,2688100,2/1/2012,-0.22
Financial Activities,7693800,2/1/2012,0.87
Professional and Business Services,17650900,2/1/2012,3.42
Education and Health Services,20802800,2/1/2012,2.05
Leisure and Hospitality,13111900,2/1/2012,3.36
Other Services,5256100,2/1/2012,1.24
Government,22853600,2/1/2012,-0.98
"Mining, Logging, and Construction",6186600,3/1/2012,4.26
Manufacturing,11922800,3/1/2012,2.11
"Trade, Transportation, and Utilities",25107600,3/1/2012,1.83
Information,2694600,3/1/2012,-0.17
Financial Activities,7716400,3/1/2012,0.99
Professional and Business Services,17823500,3/1/2012,3.62
Education and Health Services,20894500,3/1/2012,2.11
Leisure and Hospitality,13427300,3/1/2012,3.49
Other Services,5297700,3/1/2012,1.37
Government,22961800,3/1/2012,-0.88
"Mining, Logging, and Construction",6351400,4/1/2012,3.1
Manufacturing,11948900,4/1/2012,1.79
"Trade, Transportation, and Utilities",25205000,4/1/2012,1.29
Information,2698300,4/1/2012,0
Financial Activities,7733300,4/1/2012,0.97
Professional and Business Services,18042100,4/1/2012,3.22
Education and Health Services,20920400,4/1/2012,1.75
Leisure and Hospitality,13749900,4/1/2012,3
Other Services,5334700,4/1/2012,1.18
Government,22966800,4/1/2012,-1.03
"Mining, Logging, and Construction",6506100,5/1/2012,3.03
Manufacturing,12008200,5/1/2012,1.86
"Trade, Transportation, and Utilities",25434100,5/1/2012,1.63
Information,2710100,5/1/2012,0.28
Financial Activities,7767500,5/1/2012,1.19
Professional and Business Services,18125900,5/1/2012,3.71
Education and Health Services,20899500,5/1/2012,1.95
Leisure and Hospitality,14108000,5/1/2012,3.28
Other Services,5372500,5/1/2012,1.43
Government,22979400,5/1/2012,-0.81
"Mining, Logging, and Construction",6655700,6/1/2012,2.87
Manufacturing,12119700,6/1/2012,2.01
"Trade, Transportation, and Utilities",25564600,6/1/2012,1.69
Information,2717100,6/1/2012,0.2
Financial Activities,7832100,6/1/2012,1.41
Professional and Business Services,18287100,6/1/2012,3.95
Education and Health Services,20650800,6/1/2012,2.09
Leisure and Hospitality,14455100,6/1/2012,3.61
Other Services,5445700,6/1/2012,1.7
Government,22337500,6/1/2012,-0.91
"Mining, Logging, and Construction",6702700,7/1/2012,1.74
Manufacturing,12127200,7/1/2012,1.87
"Trade, Transportation, and Utilities",25467500,7/1/2012,1.4
Information,2718200,7/1/2012,-0.07
Financial Activities,7852700,7/1/2012,1.32
Professional and Business Services,18230400,7/1/2012,3.24
Education and Health Services,20452600,7/1/2012,1.77
Leisure and Hospitality,14442700,7/1/2012,3.24
Other Services,5425500,7/1/2012,1.35
Government,21147100,7/1/2012,-0.93
"Mining, Logging, and Construction",6753000,8/1/2012,1.91
Manufacturing,12155700,8/1/2012,1.69
"Trade, Transportation, and Utilities",25517700,8/1/2012,1.33
Information,2721800,8/1/2012,1.5
Financial Activities,7859500,8/1/2012,1.34
Professional and Business Services,18383300,8/1/2012,3.52
Education and Health Services,20572200,8/1/2012,2.09
Leisure and Hospitality,14500000,8/1/2012,3.35
Other Services,5405500,8/1/2012,1.4
Government,21402200,8/1/2012,-0.44
"Mining, Logging, and Construction",6721100,9/1/2012,1.75
Manufacturing,12114300,9/1/2012,1.55
"Trade, Transportation, and Utilities",25505900,9/1/2012,1.4
Information,2691700,9/1/2012,-0.24
Financial Activities,7809700,9/1/2012,1.23
Professional and Business Services,18353900,9/1/2012,3.12
Education and Health Services,20918000,9/1/2012,1.97
Leisure and Hospitality,14160000,9/1/2012,3.01
Other Services,5365500,9/1/2012,1.47
Government,22412300,9/1/2012,-0.38
"Mining, Logging, and Construction",6730900,10/1/2012,2.41
Manufacturing,12088000,10/1/2012,1.48
"Trade, Transportation, and Utilities",25693800,10/1/2012,1.49
Information,2703900,10/1/2012,0.24
Financial Activities,7837400,10/1/2012,1.61
Professional and Business Services,18508400,10/1/2012,3.6
Education and Health Services,21168800,10/1/2012,2.13
Leisure and Hospitality,13927900,10/1/2012,3.42
Other Services,5375900,10/1/2012,1.78
Government,22877700,10/1/2012,-0.22
"Mining, Logging, and Construction",6648700,11/1/2012,2.32
Manufacturing,12072000,11/1/2012,1.41
"Trade, Transportation, and Utilities",26294800,11/1/2012,1.84
Information,2728300,11/1/2012,0.73
Financial Activities,7850100,11/1/2012,1.74
Professional and Business Services,18578500,11/1/2012,3.71
Education and Health Services,21239000,11/1/2012,2.05
Leisure and Hospitality,13751000,11/1/2012,3.21
Other Services,5365300,11/1/2012,1.68
Government,22997600,11/1/2012,-0.11
"Mining, Logging, and Construction",6542800,12/1/2012,2.83
Manufacturing,12074700,12/1/2012,1.33
"Trade, Transportation, and Utilities",26488700,12/1/2012,1.54
Information,2732600,12/1/2012,0.72
Financial Activities,7883600,12/1/2012,1.76
Professional and Business Services,18546400,12/1/2012,3.58
Education and Health Services,21279900,12/1/2012,2.14
Leisure and Hospitality,13778400,12/1/2012,3.65
Other Services,5368600,12/1/2012,1.62
Government,22888300,12/1/2012,-0.04
"Mining, Logging, and Construction",6226200,1/1/2013,2.82
Manufacturing,11963000,1/1/2013,1.05
"Trade, Transportation, and Utilities",25470000,1/1/2013,1.14
Information,2692400,1/1/2013,0.39
Financial Activities,7799200,1/1/2013,1.66
Professional and Business Services,18070500,1/1/2013,3.27
Education and Health Services,20943800,1/1/2013,2.07
Leisure and Hospitality,13412200,1/1/2013,3.5
Other Services,5303800,1/1/2013,1.42
Government,22374000,1/1/2013,-0.21
"Mining, Logging, and Construction",6263900,2/1/2013,3.49
Manufacturing,11991400,2/1/2013,1.07
"Trade, Transportation, and Utilities",25312000,2/1/2013,1.37
Information,2707400,2/1/2013,0.72
Financial Activities,7823300,2/1/2013,1.68
Professional and Business Services,18259000,2/1/2013,3.45
Education and Health Services,21229600,2/1/2013,2.05
Leisure and Hospitality,13551500,2/1/2013,3.35
Other Services,5338300,2/1/2013,1.56
Government,22821700,2/1/2013,-0.14
"Mining, Logging, and Construction",6378900,3/1/2013,3.11
Manufacturing,12019300,3/1/2013,0.81
"Trade, Transportation, and Utilities",25397300,3/1/2013,1.15
Information,2711200,3/1/2013,0.62
Financial Activities,7841200,3/1/2013,1.62
Professional and Business Services,18400000,3/1/2013,3.23
Education and Health Services,21306600,3/1/2013,1.97
Leisure and Hospitality,13837300,3/1/2013,3.05
Other Services,5371200,3/1/2013,1.39
Government,22889000,3/1/2013,-0.32
"Mining, Logging, and Construction",6543700,4/1/2013,3.03
Manufacturing,12026600,4/1/2013,0.65
"Trade, Transportation, and Utilities",25525600,4/1/2013,1.27
Information,2716400,4/1/2013,0.67
Financial Activities,7868800,4/1/2013,1.75
Professional and Business Services,18581900,4/1/2013,2.99
Education and Health Services,21374700,4/1/2013,2.17
Leisure and Hospitality,14179600,4/1/2013,3.13
Other Services,5407400,4/1/2013,1.36
Government,22907200,4/1/2013,-0.26
"Mining, Logging, and Construction",6755600,5/1/2013,3.83
Manufacturing,12071900,5/1/2013,0.53
"Trade, Transportation, and Utilities",25750000,5/1/2013,1.24
Information,2729500,5/1/2013,0.72
Financial Activities,7900200,5/1/2013,1.71
Professional and Business Services,18682400,5/1/2013,3.07
Education and Health Services,21314000,5/1/2013,1.98
Leisure and Hospitality,14578200,5/1/2013,3.33
Other Services,5441300,5/1/2013,1.28
Government,22896700,5/1/2013,-0.36
"Mining, Logging, and Construction",6897400,6/1/2013,3.63
Manufacturing,12170400,6/1/2013,0.42
"Trade, Transportation, and Utilities",25915100,6/1/2013,1.37
Information,2745300,6/1/2013,1.04
Financial Activities,7964200,6/1/2013,1.69
Professional and Business Services,18813300,6/1/2013,2.88
Education and Health Services,21021800,6/1/2013,1.8
Leisure and Hospitality,14915200,6/1/2013,3.18
Other Services,5504900,6/1/2013,1.09
Government,22244200,6/1/2013,-0.42
"Mining, Logging, and Construction",6980200,7/1/2013,4.14
Manufacturing,12146800,7/1/2013,0.16
"Trade, Transportation, and Utilities",25875100,7/1/2013,1.6
Information,2744600,7/1/2013,0.97
Financial Activities,7990800,7/1/2013,1.76
Professional and Business Services,18810200,7/1/2013,3.18
Education and Health Services,20854200,7/1/2013,1.96
Leisure and Hospitality,14945000,7/1/2013,3.48
Other Services,5495400,7/1/2013,1.29
Government,21086100,7/1/2013,-0.29
"Mining, Logging, and Construction",7043900,8/1/2013,4.31
Manufacturing,12199400,8/1/2013,0.36
"Trade, Transportation, and Utilities",25961300,8/1/2013,1.74
Information,2749000,8/1/2013,1
Financial Activities,7992600,8/1/2013,1.69
Professional and Business Services,18977500,8/1/2013,3.23
Education and Health Services,20972700,8/1/2013,1.95
Leisure and Hospitality,14960200,8/1/2013,3.17
Other Services,5485100,8/1/2013,1.47
Government,21358000,8/1/2013,-0.21
"Mining, Logging, and Construction",7002000,9/1/2013,4.18
Manufacturing,12167600,9/1/2013,0.44
"Trade, Transportation, and Utilities",25911900,9/1/2013,1.59
Information,2724600,9/1/2013,1.22
Financial Activities,7932200,9/1/2013,1.57
Professional and Business Services,18932700,9/1/2013,3.15
Education and Health Services,21312400,9/1/2013,1.89
Leisure and Hospitality,14624800,9/1/2013,3.28
Other Services,5437000,9/1/2013,1.33
Government,22371700,9/1/2013,-0.18
"Mining, Logging, and Construction",7009100,10/1/2013,4.13
Manufacturing,12157900,10/1/2013,0.58
"Trade, Transportation, and Utilities",26108600,10/1/2013,1.61
Information,2739500,10/1/2013,1.32
Financial Activities,7949100,10/1/2013,1.43
Professional and Business Services,19077600,10/1/2013,3.08
Education and Health Services,21553100,10/1/2013,1.82
Leisure and Hospitality,14404300,10/1/2013,3.42
Other Services,5433800,10/1/2013,1.08
Government,22819300,10/1/2013,-0.26
"Mining, Logging, and Construction",6947400,11/1/2013,4.49
Manufacturing,12167200,11/1/2013,0.79
"Trade, Transportation, and Utilities",26708400,11/1/2013,1.57
Information,2766600,11/1/2013,1.4
Financial Activities,7961100,11/1/2013,1.41
Professional and Business Services,19191900,11/1/2013,3.3
Education and Health Services,21667400,11/1/2013,2.02
Leisure and Hospitality,14246200,11/1/2013,3.6
Other Services,5440300,11/1/2013,1.4
Government,22941700,11/1/2013,-0.24
"Mining, Logging, and Construction",6779000,12/1/2013,3.61
Manufacturing,12175600,12/1/2013,0.84
"Trade, Transportation, and Utilities",26988500,12/1/2013,1.89
Information,2766000,12/1/2013,1.22
Financial Activities,7980700,12/1/2013,1.23
Professional and Business Services,19149700,12/1/2013,3.25
Education and Health Services,21640800,12/1/2013,1.7
Leisure and Hospitality,14241400,12/1/2013,3.36
Other Services,5437500,12/1/2013,1.28
Government,22832400,12/1/2013,-0.24
"Mining, Logging, and Construction",6500700,1/1/2014,4.41
Manufacturing,12068000,1/1/2014,0.88
"Trade, Transportation, and Utilities",25957400,1/1/2014,1.91
Information,2730000,1/1/2014,1.4
Financial Activities,7882900,1/1/2014,1.07
Professional and Business Services,18643700,1/1/2014,3.17
Education and Health Services,21289800,1/1/2014,1.65
Leisure and Hospitality,13864500,1/1/2014,3.37
Other Services,5385700,1/1/2014,1.54
Government,22350000,1/1/2014,-0.11
"Mining, Logging, and Construction",6503500,2/1/2014,3.83
Manufacturing,12110000,2/1/2014,0.99
"Trade, Transportation, and Utilities",25778700,2/1/2014,1.84
Information,2732800,2/1/2014,0.94
Financial Activities,7892900,2/1/2014,0.89
Professional and Business Services,18747400,2/1/2014,2.67
Education and Health Services,21537700,2/1/2014,1.45
Leisure and Hospitality,13976700,2/1/2014,3.14
Other Services,5413700,2/1/2014,1.41
Government,22743600,2/1/2014,-0.34
"Mining, Logging, and Construction",6645600,3/1/2014,4.18
Manufacturing,12141200,3/1/2014,1.01
"Trade, Transportation, and Utilities",25884900,3/1/2014,1.92
Information,2741200,3/1/2014,1.11
Financial Activities,7904400,3/1/2014,0.81
Professional and Business Services,18884900,3/1/2014,2.64
Education and Health Services,21628300,3/1/2014,1.51
Leisure and Hospitality,14277300,3/1/2014,3.18
Other Services,5455000,3/1/2014,1.56
Government,22834100,3/1/2014,-0.24
"Mining, Logging, and Construction",6864500,4/1/2014,4.9
Manufacturing,12173600,4/1/2014,1.22
"Trade, Transportation, and Utilities",26054600,4/1/2014,2.07
Information,2749200,4/1/2014,1.21
Financial Activities,7926300,4/1/2014,0.73
Professional and Business Services,19150600,4/1/2014,3.06
Education and Health Services,21730900,4/1/2014,1.67
Leisure and Hospitality,14643500,4/1/2014,3.27
Other Services,5496900,4/1/2014,1.66
Government,22914500,4/1/2014,0.03
"Mining, Logging, and Construction",7086600,5/1/2014,4.9
Manufacturing,12240200,5/1/2014,1.39
"Trade, Transportation, and Utilities",26264500,5/1/2014,2
Information,2757800,5/1/2014,1.04
Financial Activities,7968800,5/1/2014,0.87
Professional and Business Services,19278600,5/1/2014,3.19
Education and Health Services,21697500,5/1/2014,1.8
Leisure and Hospitality,15062000,5/1/2014,3.32
Other Services,5542600,5/1/2014,1.86
Government,22921600,5/1/2014,0.11
"Mining, Logging, and Construction",7229700,6/1/2014,4.82
Manufacturing,12348700,6/1/2014,1.47
"Trade, Transportation, and Utilities",26429500,6/1/2014,1.98
Information,2772500,6/1/2014,0.99
Financial Activities,8030200,6/1/2014,0.83
Professional and Business Services,19379300,6/1/2014,3.01
Education and Health Services,21432600,6/1/2014,1.95
Leisure and Hospitality,15366100,6/1/2014,3.02
Other Services,5605000,6/1/2014,1.82
Government,22301200,6/1/2014,0.26
"Mining, Logging, and Construction",7327200,7/1/2014,4.97
Manufacturing,12350200,7/1/2014,1.67
"Trade, Transportation, and Utilities",26364800,7/1/2014,1.89
Information,2775700,7/1/2014,1.13
Financial Activities,8056700,7/1/2014,0.82
Professional and Business Services,19380900,7/1/2014,3.03
Education and Health Services,21291600,7/1/2014,2.1
Leisure and Hospitality,15362500,7/1/2014,2.79
Other Services,5595500,7/1/2014,1.82
Government,21175000,7/1/2014,0.42
"Mining, Logging, and Construction",7382900,8/1/2014,4.81
Manufacturing,12400100,8/1/2014,1.65
"Trade, Transportation, and Utilities",26448900,8/1/2014,1.88
Information,2782100,8/1/2014,1.2
Financial Activities,8066400,8/1/2014,0.92
Professional and Business Services,19534800,8/1/2014,2.94
Education and Health Services,21417000,8/1/2014,2.12
Leisure and Hospitality,15393700,8/1/2014,2.9
Other Services,5580300,8/1/2014,1.74
Government,21454300,8/1/2014,0.45
"Mining, Logging, and Construction",7354500,9/1/2014,5.03
Manufacturing,12355700,9/1/2014,1.55
"Trade, Transportation, and Utilities",26427100,9/1/2014,1.99
Information,2752200,9/1/2014,1.01
Financial Activities,8004900,9/1/2014,0.92
Professional and Business Services,19486900,9/1/2014,2.93
Education and Health Services,21728300,9/1/2014,1.95
Leisure and Hospitality,15034600,9/1/2014,2.8
Other Services,5527300,9/1/2014,1.66
Government,22481700,9/1/2014,0.49
"Mining, Logging, and Construction",7382500,10/1/2014,5.33
Manufacturing,12360000,10/1/2014,1.66
"Trade, Transportation, and Utilities",26662400,10/1/2014,2.12
Information,2765100,10/1/2014,0.93
Financial Activities,8029900,10/1/2014,1.02
Professional and Business Services,19691900,10/1/2014,3.22
Education and Health Services,22002100,10/1/2014,2.08
Leisure and Hospitality,14841100,10/1/2014,3.03
Other Services,5540300,10/1/2014,1.96
Government,22932300,10/1/2014,0.5
"Mining, Logging, and Construction",7306800,11/1/2014,5.17
Manufacturing,12372200,11/1/2014,1.68
"Trade, Transportation, and Utilities",27253100,11/1/2014,2.04
Information,2776200,11/1/2014,0.35
Financial Activities,8043600,11/1/2014,1.04
Professional and Business Services,19789400,11/1/2014,3.11
Education and Health Services,22096700,11/1/2014,1.98
Leisure and Hospitality,14648900,11/1/2014,2.83
Other Services,5535800,11/1/2014,1.76
Government,23063800,11/1/2014,0.53
"Mining, Logging, and Construction",7186000,12/1/2014,6
Manufacturing,12408600,12/1/2014,1.91
"Trade, Transportation, and Utilities",27590600,12/1/2014,2.23
Information,2785500,12/1/2014,0.7
Financial Activities,8077100,12/1/2014,1.21
Professional and Business Services,19788200,12/1/2014,3.33
Education and Health Services,22113200,12/1/2014,2.18
Leisure and Hospitality,14661800,12/1/2014,2.95
Other Services,5536100,12/1/2014,1.81
Government,22953800,12/1/2014,0.53
"Mining, Logging, and Construction",6871700,1/1/2015,5.71
Manufacturing,12310000,1/1/2015,2.01
"Trade, Transportation, and Utilities",26547700,1/1/2015,2.27
Information,2740800,1/1/2015,0.4
Financial Activities,7998600,1/1/2015,1.47
Professional and Business Services,19244400,1/1/2015,3.22
Education and Health Services,21785600,1/1/2015,2.33
Leisure and Hospitality,14301700,1/1/2015,3.15
Other Services,5471200,1/1/2015,1.59
Government,22470900,1/1/2015,0.54
"Mining, Logging, and Construction",6853700,2/1/2015,5.38
Manufacturing,12328900,2/1/2015,1.81
"Trade, Transportation, and Utilities",26367400,2/1/2015,2.28
Information,2757100,2/1/2015,0.89
Financial Activities,8014600,2/1/2015,1.54
Professional and Business Services,19333300,2/1/2015,3.13
Education and Health Services,22043600,2/1/2015,2.35
Leisure and Hospitality,14448200,2/1/2015,3.37
Other Services,5495800,2/1/2015,1.52
Government,22869300,2/1/2015,0.55
"Mining, Logging, and Construction",6929800,3/1/2015,4.28
Manufacturing,12345200,3/1/2015,1.68
"Trade, Transportation, and Utilities",26458200,3/1/2015,2.21
Information,2760700,3/1/2015,0.71
Financial Activities,8027900,3/1/2015,1.56
Professional and Business Services,19416700,3/1/2015,2.82
Education and Health Services,22114900,3/1/2015,2.25
Leisure and Hospitality,14698200,3/1/2015,2.95
Other Services,5530100,3/1/2015,1.38
Government,22944700,3/1/2015,0.48
"Mining, Logging, and Construction",7150600,4/1/2015,4.17
Manufacturing,12350000,4/1/2015,1.45
"Trade, Transportation, and Utilities",26630700,4/1/2015,2.21
Information,2770700,4/1/2015,0.78
Financial Activities,8061500,4/1/2015,1.71
Professional and Business Services,19680900,4/1/2015,2.77
Education and Health Services,22234900,4/1/2015,2.32
Leisure and Hospitality,15076500,4/1/2015,2.96
Other Services,5558900,4/1/2015,1.13
Government,23019400,4/1/2015,0.46
"Mining, Logging, and Construction",7323400,5/1/2015,3.34
Manufacturing,12408700,5/1/2015,1.38
"Trade, Transportation, and Utilities",26862700,5/1/2015,2.28
Information,2787500,5/1/2015,1.08
Financial Activities,8107200,5/1/2015,1.74
Professional and Business Services,19791600,5/1/2015,2.66
Education and Health Services,22219500,5/1/2015,2.41
Leisure and Hospitality,15510100,5/1/2015,2.98
Other Services,5602300,5/1/2015,1.08
Government,23008200,5/1/2015,0.38
"Mining, Logging, and Construction",7448200,6/1/2015,3.02
Manufacturing,12508100,6/1/2015,1.29
"Trade, Transportation, and Utilities",27024200,6/1/2015,2.25
Information,2804500,6/1/2015,1.15
Financial Activities,8172600,6/1/2015,1.77
Professional and Business Services,19896000,6/1/2015,2.67
Education and Health Services,21964200,6/1/2015,2.48
Leisure and Hospitality,15818400,6/1/2015,2.94
Other Services,5667100,6/1/2015,1.11
Government,22437600,6/1/2015,0.61
"Mining, Logging, and Construction",7529700,7/1/2015,2.76
Manufacturing,12516100,7/1/2015,1.34
"Trade, Transportation, and Utilities",26987600,7/1/2015,2.36
Information,2816400,7/1/2015,1.47
Financial Activities,8217500,7/1/2015,2
Professional and Business Services,19982800,7/1/2015,3.11
Education and Health Services,21874400,7/1/2015,2.74
Leisure and Hospitality,15875700,7/1/2015,3.34
Other Services,5670500,7/1/2015,1.34
Government,21324700,7/1/2015,0.71
"Mining, Logging, and Construction",7550700,8/1/2015,2.27
Manufacturing,12530000,8/1/2015,1.05
"Trade, Transportation, and Utilities",27051800,8/1/2015,2.28
Information,2812800,8/1/2015,1.1
Financial Activities,8219200,8/1/2015,1.89
Professional and Business Services,20057000,8/1/2015,2.67
Education and Health Services,21951100,8/1/2015,2.49
Leisure and Hospitality,15878700,8/1/2015,3.15
Other Services,5647700,8/1/2015,1.21
Government,21583000,8/1/2015,0.6
"Mining, Logging, and Construction",7493400,9/1/2015,1.89
Manufacturing,12488200,9/1/2015,1.07
"Trade, Transportation, and Utilities",26994500,9/1/2015,2.15
Information,2787700,9/1/2015,1.29
Financial Activities,8154700,9/1/2015,1.87
Professional and Business Services,19983200,9/1/2015,2.55
Education and Health Services,22256200,9/1/2015,2.43
Leisure and Hospitality,15554900,9/1/2015,3.46
Other Services,5592200,9/1/2015,1.17
Government,22595500,9/1/2015,0.51
"Mining, Logging, and Construction",7539400,10/1/2015,2.13
Manufacturing,12451500,10/1/2015,0.74
"Trade, Transportation, and Utilities",27227300,10/1/2015,2.12
Information,2811300,10/1/2015,1.67
Financial Activities,8194100,10/1/2015,2.04
Professional and Business Services,20255000,10/1/2015,2.86
Education and Health Services,22602200,10/1/2015,2.73
Leisure and Hospitality,15372800,10/1/2015,3.58
Other Services,5610500,10/1/2015,1.27
Government,23043700,10/1/2015,0.49
"Mining, Logging, and Construction",7443500,11/1/2015,1.87
Manufacturing,12441600,11/1/2015,0.56
"Trade, Transportation, and Utilities",27763600,11/1/2015,1.87
Information,2830900,11/1/2015,1.97
Financial Activities,8202600,11/1/2015,1.98
Professional and Business Services,20314100,11/1/2015,2.65
Education and Health Services,22698200,11/1/2015,2.72
Leisure and Hospitality,15195400,11/1/2015,3.73
Other Services,5609800,11/1/2015,1.34
Government,23150800,11/1/2015,0.38
"Mining, Logging, and Construction",7330600,12/1/2015,2.01
Manufacturing,12455900,12/1/2015,0.38
"Trade, Transportation, and Utilities",28021300,12/1/2015,1.56
Information,2836300,12/1/2015,1.82
Financial Activities,8229300,12/1/2015,1.88
Professional and Business Services,20293600,12/1/2015,2.55
Education and Health Services,22706000,12/1/2015,2.68
Leisure and Hospitality,15212200,12/1/2015,3.75
Other Services,5616400,12/1/2015,1.45
Government,23089600,12/1/2015,0.59
"Mining, Logging, and Construction",7000400,1/1/2016,1.87
Manufacturing,12361400,1/1/2016,0.42
"Trade, Transportation, and Utilities",26988600,1/1/2016,1.66
Information,2796400,1/1/2016,2.03
Financial Activities,8158700,1/1/2016,2
Professional and Business Services,19737800,1/1/2016,2.56
Education and Health Services,22372100,1/1/2016,2.69
Leisure and Hospitality,14816400,1/1/2016,3.6
Other Services,5557900,1/1/2016,1.58
Government,22602600,1/1/2016,0.59
"Mining, Logging, and Construction",6995300,2/1/2016,2.07
Manufacturing,12373900,2/1/2016,0.36
"Trade, Transportation, and Utilities",26845400,2/1/2016,1.81
Information,2816900,2/1/2016,2.17
Financial Activities,8172900,2/1/2016,1.98
Professional and Business Services,19836400,2/1/2016,2.6
Education and Health Services,22655700,2/1/2016,2.78
Leisure and Hospitality,14978900,2/1/2016,3.67
Other Services,5589500,2/1/2016,1.7
Government,23006500,2/1/2016,0.6
"Mining, Logging, and Construction",7103100,3/1/2016,2.5
Manufacturing,12378200,3/1/2016,0.27
"Trade, Transportation, and Utilities",26910000,3/1/2016,1.71
Information,2808200,3/1/2016,1.72
Financial Activities,8178600,3/1/2016,1.88
Professional and Business Services,19893900,3/1/2016,2.46
Education and Health Services,22720300,3/1/2016,2.74
Leisure and Hospitality,15242900,3/1/2016,3.71
Other Services,5619300,3/1/2016,1.61
Government,23133800,3/1/2016,0.82
"Mining, Logging, and Construction",7320000,4/1/2016,2.37
Manufacturing,12386500,4/1/2016,0.3
"Trade, Transportation, and Utilities",27081800,4/1/2016,1.69
Information,2835700,4/1/2016,2.35
Financial Activities,8222400,4/1/2016,2
Professional and Business Services,20197500,4/1/2016,2.62
Education and Health Services,22862300,4/1/2016,2.82
Leisure and Hospitality,15634600,4/1/2016,3.7
Other Services,5664700,4/1/2016,1.9
Government,23177300,4/1/2016,0.69
"Mining, Logging, and Construction",7431200,5/1/2016,1.47
Manufacturing,12407700,5/1/2016,-0.01
"Trade, Transportation, and Utilities",27218300,5/1/2016,1.32
Information,2815200,5/1/2016,0.99
Financial Activities,8254300,5/1/2016,1.81
Professional and Business Services,20187300,5/1/2016,2
Education and Health Services,22815900,5/1/2016,2.68
Leisure and Hospitality,15969200,5/1/2016,2.96
Other Services,5695700,5/1/2016,1.67
Government,23159900,5/1/2016,0.66
"Mining, Logging, and Construction",7554200,6/1/2016,1.42
Manufacturing,12492900,6/1/2016,-0.12
"Trade, Transportation, and Utilities",27288000,6/1/2016,0.98
Information,2851800,6/1/2016,1.69
Financial Activities,8309700,6/1/2016,1.68
Professional and Business Services,20282000,6/1/2016,1.94
Education and Health Services,22517800,6/1/2016,2.52
Leisure and Hospitality,16290500,6/1/2016,2.98
Other Services,5747700,6/1/2016,1.42
Government,22601800,6/1/2016,0.73
"Mining, Logging, and Construction",7638100,7/1/2016,1.44
Manufacturing,12516300,7/1/2016,0
"Trade, Transportation, and Utilities",27312500,7/1/2016,1.2
Information,2864600,7/1/2016,1.71
Financial Activities,8367300,7/1/2016,1.82
Professional and Business Services,20388900,7/1/2016,2.03
Education and Health Services,22462500,7/1/2016,2.69
Leisure and Hospitality,16349700,7/1/2016,2.99
Other Services,5752900,7/1/2016,1.45
Government,21535700,7/1/2016,0.99
"Mining, Logging, and Construction",7640600,8/1/2016,1.19
Manufacturing,12511900,8/1/2016,-0.14
"Trade, Transportation, and Utilities",27354500,8/1/2016,1.12
Information,2864300,8/1/2016,1.83
Financial Activities,8373800,8/1/2016,1.88
Professional and Business Services,20448100,8/1/2016,1.95
Education and Health Services,22553200,8/1/2016,2.74
Leisure and Hospitality,16343700,8/1/2016,2.93
Other Services,5733100,8/1/2016,1.51
Government,21804800,8/1/2016,1.03
"Mining, Logging, and Construction",7619500,9/1/2016,1.68
Manufacturing,12461600,9/1/2016,-0.21
"Trade, Transportation, and Utilities",27292900,9/1/2016,1.11
Information,2841700,9/1/2016,1.94
Financial Activities,8318300,9/1/2016,2.01
Professional and Business Services,20458000,9/1/2016,2.38
Education and Health Services,22907900,9/1/2016,2.93
Leisure and Hospitality,15997400,9/1/2016,2.84
Other Services,5695100,9/1/2016,1.84
Government,22882900,9/1/2016,1.27
"Mining, Logging, and Construction",7619700,10/1/2016,1.07
Manufacturing,12427000,10/1/2016,-0.2
"Trade, Transportation, and Utilities",27493700,10/1/2016,0.98
Information,2841000,10/1/2016,1.06
Financial Activities,8337400,10/1/2016,1.75
Professional and Business Services,20558000,10/1/2016,1.5
Education and Health Services,23164400,10/1/2016,2.49
Leisure and Hospitality,15756000,10/1/2016,2.49
Other Services,5704000,10/1/2016,1.67
Government,23221800,10/1/2016,0.77
"Mining, Logging, and Construction",7546800,11/1/2016,1.39
Manufacturing,12436500,11/1/2016,-0.04
"Trade, Transportation, and Utilities",28069300,11/1/2016,1.1
Information,2863400,11/1/2016,1.15
Financial Activities,8347700,11/1/2016,1.77
Professional and Business Services,20593500,11/1/2016,1.38
Education and Health Services,23250600,11/1/2016,2.43
Leisure and Hospitality,15593700,11/1/2016,2.62
Other Services,5694500,11/1/2016,1.51
Government,23382700,11/1/2016,1
"Mining, Logging, and Construction",7398900,12/1/2016,0.93
Manufacturing,12460200,12/1/2016,0.03
"Trade, Transportation, and Utilities",28318500,12/1/2016,1.06
Information,2861100,12/1/2016,0.87
Financial Activities,8381600,12/1/2016,1.85
Professional and Business Services,20511000,12/1/2016,1.07
Education and Health Services,23250600,12/1/2016,2.4
Leisure and Hospitality,15543300,12/1/2016,2.18
Other Services,5679800,12/1/2016,1.13
Government,23276900,12/1/2016,0.81
"Mining, Logging, and Construction",7105700,1/1/2017,1.5
Manufacturing,12373400,1/1/2017,0.1
"Trade, Transportation, and Utilities",27341400,1/1/2017,1.31
Information,2814700,1/1/2017,0.65
Financial Activities,8303400,1/1/2017,1.77
Professional and Business Services,20026200,1/1/2017,1.46
Education and Health Services,22921800,1/1/2017,2.46
Leisure and Hospitality,15172200,1/1/2017,2.4
Other Services,5612100,1/1/2017,0.98
Government,22786000,1/1/2017,0.81
"Mining, Logging, and Construction",7178900,2/1/2017,2.62
Manufacturing,12405400,2/1/2017,0.25
"Trade, Transportation, and Utilities",27114000,2/1/2017,1
Information,2852600,2/1/2017,1.27
Financial Activities,8325800,2/1/2017,1.87
Professional and Business Services,20144400,2/1/2017,1.55
Education and Health Services,23239900,2/1/2017,2.58
Leisure and Hospitality,15347800,2/1/2017,2.46
Other Services,5640800,2/1/2017,0.92
Government,23191900,2/1/2017,0.81
"Mining, Logging, and Construction",7312300,3/1/2017,2.95
Manufacturing,12426500,3/1/2017,0.39
"Trade, Transportation, and Utilities",27143800,3/1/2017,0.87
Information,2836200,3/1/2017,1
Financial Activities,8343300,3/1/2017,2.01
Professional and Business Services,20257500,3/1/2017,1.83
Education and Health Services,23315000,3/1/2017,2.62
Leisure and Hospitality,15627500,3/1/2017,2.52
Other Services,5676200,3/1/2017,1.01
Government,23283600,3/1/2017,0.65
"Mining, Logging, and Construction",7505200,4/1/2017,2.53
Manufacturing,12433800,4/1/2017,0.38
"Trade, Transportation, and Utilities",27251300,4/1/2017,0.63
Information,2830400,4/1/2017,-0.19
Financial Activities,8360500,4/1/2017,1.68
Professional and Business Services,20423000,4/1/2017,1.12
Education and Health Services,23379600,4/1/2017,2.26
Leisure and Hospitality,15946600,4/1/2017,2
Other Services,5707800,4/1/2017,0.76
Government,23306300,4/1/2017,0.56
"Mining, Logging, and Construction",7694200,5/1/2017,3.54
Manufacturing,12475200,5/1/2017,0.54
"Trade, Transportation, and Utilities",27403700,5/1/2017,0.68
Information,2843200,5/1/2017,0.99
Financial Activities,8400700,5/1/2017,1.77
Professional and Business Services,20517000,5/1/2017,1.63
Education and Health Services,23359400,5/1/2017,2.38
Leisure and Hospitality,16318900,5/1/2017,2.19
Other Services,5745300,5/1/2017,0.87
Government,23298200,5/1/2017,0.6
"Mining, Logging, and Construction",7860000,6/1/2017,4.05
Manufacturing,12600600,6/1/2017,0.86
"Trade, Transportation, and Utilities",27541000,6/1/2017,0.93
Information,2859500,6/1/2017,0.27
Financial Activities,8485100,6/1/2017,2.11
Professional and Business Services,20698000,6/1/2017,2.05
Education and Health Services,23113600,6/1/2017,2.65
Leisure and Hospitality,16702800,6/1/2017,2.53
Other Services,5814600,6/1/2017,1.16
Government,22753500,6/1/2017,0.67
"Mining, Logging, and Construction",7899200,7/1/2017,3.42
Manufacturing,12593800,7/1/2017,0.62
"Trade, Transportation, and Utilities",27485300,7/1/2017,0.63
Information,2854200,7/1/2017,-0.36
Financial Activities,8515000,7/1/2017,1.77
Professional and Business Services,20692800,7/1/2017,1.49
Education and Health Services,22931700,7/1/2017,2.09
Leisure and Hospitality,16691500,7/1/2017,2.09
Other Services,5789100,7/1/2017,0.63
Government,21640300,7/1/2017,0.49
"Mining, Logging, and Construction",7918500,8/1/2017,3.64
Manufacturing,12618400,8/1/2017,0.85
"Trade, Transportation, and Utilities",27543800,8/1/2017,0.69
Information,2864400,8/1/2017,0
Financial Activities,8514300,8/1/2017,1.68
Professional and Business Services,20752200,8/1/2017,1.49
Education and Health Services,23037700,8/1/2017,2.15
Leisure and Hospitality,16695300,8/1/2017,2.15
Other Services,5767800,8/1/2017,0.61
Government,21890500,8/1/2017,0.39
"Mining, Logging, and Construction",7863600,9/1/2017,3.2
Manufacturing,12560500,9/1/2017,0.79
"Trade, Transportation, and Utilities",27445800,9/1/2017,0.56
Information,2841800,9/1/2017,0
Financial Activities,8456200,9/1/2017,1.66
Professional and Business Services,20692600,9/1/2017,1.15
Education and Health Services,23348700,9/1/2017,1.92
Leisure and Hospitality,16215300,9/1/2017,1.36
Other Services,5711700,9/1/2017,0.29
Government,22935900,9/1/2017,0.23
"Mining, Logging, and Construction",7904700,10/1/2017,3.74
Manufacturing,12565900,10/1/2017,1.12
"Trade, Transportation, and Utilities",27670400,10/1/2017,0.64
Information,2851000,10/1/2017,0.35
Financial Activities,8484300,10/1/2017,1.76
Professional and Business Services,20871400,10/1/2017,1.52
Education and Health Services,23628600,10/1/2017,2
Leisure and Hospitality,16077800,10/1/2017,2.04
Other Services,5731100,10/1/2017,0.48
Government,23312100,10/1/2017,0.39
"Mining, Logging, and Construction",7842400,11/1/2017,3.92
Manufacturing,12591300,11/1/2017,1.24
"Trade, Transportation, and Utilities",28331900,11/1/2017,0.94
Information,2867300,11/1/2017,0.14
Financial Activities,8482800,11/1/2017,1.62
Professional and Business Services,20970700,11/1/2017,1.83
Education and Health Services,23713700,11/1/2017,1.99
Leisure and Hospitality,15885900,11/1/2017,1.87
Other Services,5726400,11/1/2017,0.56
Government,23416600,11/1/2017,0.14
"Mining, Logging, and Construction",7741600,12/1/2017,4.63
Manufacturing,12634300,12/1/2017,1.4
"Trade, Transportation, and Utilities",28539200,12/1/2017,0.78
Information,2874800,12/1/2017,0.48
Financial Activities,8510900,12/1/2017,1.54
Professional and Business Services,20905900,12/1/2017,1.93
Education and Health Services,23721300,12/1/2017,2.02
Leisure and Hospitality,15861100,12/1/2017,2.04
Other Services,5731100,12/1/2017,0.9
Government,23338700,12/1/2017,0.27
"Mining, Logging, and Construction",7432200,1/1/2018,4.59
Manufacturing,12535600,1/1/2018,1.31
"Trade, Transportation, and Utilities",27568500,1/1/2018,0.83
Information,2825000,1/1/2018,0.37
Financial Activities,8425200,1/1/2018,1.47
Professional and Business Services,20421300,1/1/2018,1.97
Education and Health Services,23400600,1/1/2018,2.09
Leisure and Hospitality,15470800,1/1/2018,1.97
Other Services,5659200,1/1/2018,0.84
Government,22824000,1/1/2018,0.17
"Mining, Logging, and Construction",7537200,2/1/2018,4.99
Manufacturing,12600300,2/1/2018,1.57
"Trade, Transportation, and Utilities",27373700,2/1/2018,0.96
Information,2860300,2/1/2018,0.27
Financial Activities,8454900,2/1/2018,1.55
Professional and Business Services,20595000,2/1/2018,2.24
Education and Health Services,23728200,2/1/2018,2.1
Leisure and Hospitality,15637900,2/1/2018,1.89
Other Services,5692200,2/1/2018,0.91
Government,23241500,2/1/2018,0.21
"Mining, Logging, and Construction",7663500,3/1/2018,4.8
Manufacturing,12631000,3/1/2018,1.65
"Trade, Transportation, and Utilities",27414000,3/1/2018,1
Information,2853400,3/1/2018,0.61
Financial Activities,8463300,3/1/2018,1.44
Professional and Business Services,20691800,3/1/2018,2.14
Education and Health Services,23784600,3/1/2018,2.01
Leisure and Hospitality,15905200,3/1/2018,1.78
Other Services,5724400,3/1/2018,0.85
Government,23329300,3/1/2018,0.2
"Mining, Logging, and Construction",7837700,4/1/2018,4.43
Manufacturing,12642600,4/1/2018,1.68
"Trade, Transportation, and Utilities",27460600,4/1/2018,0.77
Information,2837600,4/1/2018,0.25
Financial Activities,8482600,4/1/2018,1.46
Professional and Business Services,20860700,4/1/2018,2.14
Education and Health Services,23845100,4/1/2018,1.99
Leisure and Hospitality,16179800,4/1/2018,1.46
Other Services,5760300,4/1/2018,0.92
Government,23342600,4/1/2018,0.16
"Mining, Logging, and Construction",8035000,5/1/2018,4.43
Manufacturing,12688900,5/1/2018,1.71
"Trade, Transportation, and Utilities",27667300,5/1/2018,0.96
Information,2847700,5/1/2018,0.16
Financial Activities,8516700,5/1/2018,1.38
Professional and Business Services,20934200,5/1/2018,2.03
Education and Health Services,23789800,5/1/2018,1.84
Leisure and Hospitality,16571400,5/1/2018,1.55
Other Services,5802700,5/1/2018,1
Government,23368800,5/1/2018,0.3
"Mining, Logging, and Construction",8212000,6/1/2018,4.48
Manufacturing,12816300,6/1/2018,1.71
"Trade, Transportation, and Utilities",27777500,6/1/2018,0.86
Information,2881400,6/1/2018,0.77
Financial Activities,8598100,6/1/2018,1.33
Professional and Business Services,21117700,6/1/2018,2.03
Education and Health Services,23543500,6/1/2018,1.86
Leisure and Hospitality,16941500,6/1/2018,1.43
Other Services,5876200,6/1/2018,1.06
Government,22861700,6/1/2018,0.48
"Mining, Logging, and Construction",8255900,7/1/2018,4.52
Manufacturing,12839100,7/1/2018,1.95
"Trade, Transportation, and Utilities",27739000,7/1/2018,0.92
Information,2868600,7/1/2018,0.5
Financial Activities,8628100,7/1/2018,1.33
Professional and Business Services,21144500,7/1/2018,2.18
Education and Health Services,23377800,7/1/2018,1.95
Leisure and Hospitality,16964400,7/1/2018,1.63
Other Services,5857100,7/1/2018,1.17
Government,21718300,7/1/2018,0.36
"Mining, Logging, and Construction",8291900,8/1/2018,4.72
Manufacturing,12858100,8/1/2018,1.9
"Trade, Transportation, and Utilities",27765400,8/1/2018,0.8
Information,2882200,8/1/2018,0.62
Financial Activities,8627300,8/1/2018,1.33
Professional and Business Services,21250000,8/1/2018,2.4
Education and Health Services,23512600,8/1/2018,2.06
Leisure and Hospitality,16973100,8/1/2018,1.66
Other Services,5839200,8/1/2018,1.24
Government,22045500,8/1/2018,0.71
"Mining, Logging, and Construction",8244400,9/1/2018,4.84
Manufacturing,12819700,9/1/2018,2.06
"Trade, Transportation, and Utilities",27685900,9/1/2018,0.87
Information,2857200,9/1/2018,0.54
Financial Activities,8556400,9/1/2018,1.18
Professional and Business Services,21150700,9/1/2018,2.21
Education and Health Services,23799200,9/1/2018,1.93
Leisure and Hospitality,16489900,9/1/2018,1.69
Other Services,5783000,9/1/2018,1.25
Government,23017600,9/1/2018,0.36
"Mining, Logging, and Construction",8275600,10/1/2018,4.69
Manufacturing,12832700,10/1/2018,2.12
"Trade, Transportation, and Utilities",27882300,10/1/2018,0.77
Information,2870500,10/1/2018,0.68
Financial Activities,8591900,10/1/2018,1.27
Professional and Business Services,21373300,10/1/2018,2.4
Education and Health Services,24116600,10/1/2018,2.07
Leisure and Hospitality,16344000,10/1/2018,1.66
Other Services,5821900,10/1/2018,1.58
Government,23383800,10/1/2018,0.31
"Mining, Logging, and Construction",8187400,11/1/2018,4.4
Manufacturing,12857000,11/1/2018,2.11
"Trade, Transportation, and Utilities",28577400,11/1/2018,0.87
Information,2889800,11/1/2018,0.78
Financial Activities,8603100,11/1/2018,1.42
Professional and Business Services,21456000,11/1/2018,2.31
Education and Health Services,24200700,11/1/2018,2.05
Leisure and Hospitality,16124700,11/1/2018,1.5
Other Services,5806600,11/1/2018,1.4
Government,23534300,11/1/2018,0.5
"Mining, Logging, and Construction",8077900,12/1/2018,4.34
Manufacturing,12888600,12/1/2018,2.01
"Trade, Transportation, and Utilities",28726100,12/1/2018,0.65
Information,2883700,12/1/2018,0.31
Financial Activities,8613200,12/1/2018,1.2
Professional and Business Services,21322900,12/1/2018,1.99
Education and Health Services,24182300,12/1/2018,1.94
Leisure and Hospitality,16143100,12/1/2018,1.78
Other Services,5794200,12/1/2018,1.1
Government,23422000,12/1/2018,0.36
"Mining, Logging, and Construction",7805100,1/1/2019,5.02
Manufacturing,12796300,1/1/2019,2.08
"Trade, Transportation, and Utilities",27831300,1/1/2019,0.95
Information,2851000,1/1/2019,0.92
Financial Activities,8537600,1/1/2019,1.33
Professional and Business Services,20842600,1/1/2019,2.06
Education and Health Services,23894400,1/1/2019,2.11
Leisure and Hospitality,15772100,1/1/2019,1.95
Other Services,5734900,1/1/2019,1.34
Government,22921300,1/1/2019,0.43
"Mining, Logging, and Construction",7810000,2/1/2019,3.62
Manufacturing,12843100,2/1/2019,1.93
"Trade, Transportation, and Utilities",27529600,2/1/2019,0.57
Information,2890100,2/1/2019,1.04
Financial Activities,8566200,2/1/2019,1.32
Professional and Business Services,20980200,2/1/2019,1.87
Education and Health Services,24210900,2/1/2019,2.03
Leisure and Hospitality,15921100,2/1/2019,1.81
Other Services,5765300,2/1/2019,1.28
Government,23324000,2/1/2019,0.35
"Mining, Logging, and Construction",7931300,3/1/2019,3.49
Manufacturing,12853400,3/1/2019,1.76
"Trade, Transportation, and Utilities",27535600,3/1/2019,0.44
Information,2883500,3/1/2019,1.05
Financial Activities,8571100,3/1/2019,1.27
Professional and Business Services,21016800,3/1/2019,1.57
Education and Health Services,24275500,3/1/2019,2.06
Leisure and Hospitality,16175400,3/1/2019,1.7
Other Services,5795900,3/1/2019,1.25
Government,23425100,3/1/2019,0.41
"Mining, Logging, and Construction",8124900,4/1/2019,3.66
Manufacturing,12845100,4/1/2019,1.6
"Trade, Transportation, and Utilities",27578000,4/1/2019,0.43
Information,2867500,4/1/2019,1.05
Financial Activities,8603400,4/1/2019,1.42
Professional and Business Services,21257000,4/1/2019,1.9
Education and Health Services,24340200,4/1/2019,2.08
Leisure and Hospitality,16484300,4/1/2019,1.88
Other Services,5833700,4/1/2019,1.27
Government,23464600,4/1/2019,0.52
"Mining, Logging, and Construction",8294300,5/1/2019,3.23
Manufacturing,12871700,5/1/2019,1.44
"Trade, Transportation, and Utilities",27728300,5/1/2019,0.22
Information,2884400,5/1/2019,1.29
Financial Activities,8638700,5/1/2019,1.43
Professional and Business Services,21311400,5/1/2019,1.8
Education and Health Services,24293100,5/1/2019,2.12
Leisure and Hospitality,16839900,5/1/2019,1.62
Other Services,5874700,5/1/2019,1.24
Government,23469200,5/1/2019,0.43
"Mining, Logging, and Construction",8423100,6/1/2019,2.57
Manufacturing,12970700,6/1/2019,1.2
"Trade, Transportation, and Utilities",27845200,6/1/2019,0.24
Information,2913800,6/1/2019,1.12
Financial Activities,8717000,6/1/2019,1.38
Professional and Business Services,21470200,6/1/2019,1.67
Education and Health Services,24014100,6/1/2019,2
Leisure and Hospitality,17185200,6/1/2019,1.44
Other Services,5937700,6/1/2019,1.05
Government,22946600,6/1/2019,0.37
"Mining, Logging, and Construction",8472300,7/1/2019,2.62
Manufacturing,12960800,7/1/2019,0.95
"Trade, Transportation, and Utilities",27829600,7/1/2019,0.33
Information,2907100,7/1/2019,1.34
Financial Activities,8760900,7/1/2019,1.54
Professional and Business Services,21497800,7/1/2019,1.67
Education and Health Services,23878500,7/1/2019,2.14
Leisure and Hospitality,17225100,7/1/2019,1.54
Other Services,5930400,7/1/2019,1.25
Government,21889700,7/1/2019,0.79
"Mining, Logging, and Construction",8498800,8/1/2019,2.5
Manufacturing,12959800,8/1/2019,0.79
"Trade, Transportation, and Utilities",27848800,8/1/2019,0.3
Information,2926900,8/1/2019,1.55
Financial Activities,8767400,8/1/2019,1.62
Professional and Business Services,21599500,8/1/2019,1.64
Education and Health Services,24034700,8/1/2019,2.22
Leisure and Hospitality,17193200,8/1/2019,1.3
Other Services,5909000,8/1/2019,1.2
Government,22243300,8/1/2019,0.9
"Mining, Logging, and Construction",8435200,9/1/2019,2.31
Manufacturing,12890400,9/1/2019,0.55
"Trade, Transportation, and Utilities",27765700,9/1/2019,0.29
Information,2902800,9/1/2019,1.6
Financial Activities,8692800,9/1/2019,1.59
Professional and Business Services,21458200,9/1/2019,1.45
Education and Health Services,24318400,9/1/2019,2.18
Leisure and Hospitality,16725400,9/1/2019,1.43
Other Services,5846500,9/1/2019,1.1
Government,23180200,9/1/2019,0.71
"Mining, Logging, and Construction",8433900,10/1/2019,1.91
Manufacturing,12822000,10/1/2019,-0.08
"Trade, Transportation, and Utilities",28041600,10/1/2019,0.57
Information,2905300,10/1/2019,1.21
Financial Activities,8738000,10/1/2019,1.7
Professional and Business Services,21649500,10/1/2019,1.29
Education and Health Services,24618900,10/1/2019,2.08
Leisure and Hospitality,16588400,10/1/2019,1.5
Other Services,5875300,10/1/2019,0.92
Government,23559000,10/1/2019,0.75
"Mining, Logging, and Construction",8335500,11/1/2019,1.81
Manufacturing,12862700,11/1/2019,0.04
"Trade, Transportation, and Utilities",28745700,11/1/2019,0.59
Information,2949200,11/1/2019,2.06
Financial Activities,8749300,11/1/2019,1.7
Professional and Business Services,21744700,11/1/2019,1.35
Education and Health Services,24743300,11/1/2019,2.24
Leisure and Hospitality,16398600,11/1/2019,1.7
Other Services,5875400,11/1/2019,1.18
Government,23693000,11/1/2019,0.67
"Mining, Logging, and Construction",8190200,12/1/2019,1.39
Manufacturing,12875000,12/1/2019,-0.11
"Trade, Transportation, and Utilities",28961300,12/1/2019,0.82
Information,2933200,12/1/2019,1.72
Financial Activities,8773200,12/1/2019,1.86
Professional and Business Services,21615500,12/1/2019,1.37
Education and Health Services,24695000,12/1/2019,2.12
Leisure and Hospitality,16411500,12/1/2019,1.66
Other Services,5874200,12/1/2019,1.38
Government,23572200,12/1/2019,0.64
"Mining, Logging, and Construction",7929500,1/1/2020,1.59
Manufacturing,12760300,1/1/2020,-0.28
"Trade, Transportation, and Utilities",27964800,1/1/2020,0.48
Information,2917300,1/1/2020,2.33
Financial Activities,8694200,1/1/2020,1.83
Professional and Business Services,21188800,1/1/2020,1.66
Education and Health Services,24446500,1/1/2020,2.31
Leisure and Hospitality,16025900,1/1/2020,1.61
Other Services,5826300,1/1/2020,1.59
Government,23211800,1/1/2020,1.27
"Mining, Logging, and Construction",7959900,2/1/2020,1.92
Manufacturing,12785200,2/1/2020,-0.45
"Trade, Transportation, and Utilities",27696800,2/1/2020,0.61
Information,2942700,2/1/2020,1.82
Financial Activities,8720300,2/1/2020,1.8
Professional and Business Services,21313300,2/1/2020,1.59
Education and Health Services,24748300,2/1/2020,2.22
Leisure and Hospitality,16177400,2/1/2020,1.61
Other Services,5860600,2/1/2020,1.65
Government,23561500,2/1/2020,1.02
"Mining, Logging, and Construction",7998200,3/1/2020,0.84
Manufacturing,12749000,3/1/2020,-0.81
"Trade, Transportation, and Utilities",27609000,3/1/2020,0.27
Information,2927100,3/1/2020,1.51
Financial Activities,8695000,3/1/2020,1.45
Professional and Business Services,21179800,3/1/2020,0.78
Education and Health Services,24616400,3/1/2020,1.4
Leisure and Hospitality,15834200,3/1/2020,-2.11
Other Services,5785500,3/1/2020,-0.18
Government,23616300,3/1/2020,0.82
"Mining, Logging, and Construction",7122900,4/1/2020,-12.33
Manufacturing,11280000,4/1/2020,-12.18
"Trade, Transportation, and Utilities",24208700,4/1/2020,-12.22
Information,2650600,4/1/2020,-7.56
Financial Activities,8398100,4/1/2020,-2.39
Professional and Business Services,19282500,4/1/2020,-9.29
Education and Health Services,21977600,4/1/2020,-9.71
Leisure and Hospitality,8732700,4/1/2020,-47.02
Other Services,4343000,4/1/2020,-25.55
Government,22686900,4/1/2020,-3.31
"Mining, Logging, and Construction",7633700,5/1/2020,-7.96
Manufacturing,11544300,5/1/2020,-10.31
"Trade, Transportation, and Utilities",24958700,5/1/2020,-9.99
Information,2630400,5/1/2020,-8.81
Financial Activities,8420100,5/1/2020,-2.53
Professional and Business Services,19546300,5/1/2020,-8.28
Education and Health Services,22285700,5/1/2020,-8.26
Leisure and Hospitality,10018000,5/1/2020,-40.51
Other Services,4617600,5/1/2020,-21.4
Government,22195300,5/1/2020,-5.43
"Mining, Logging, and Construction",7888500,6/1/2020,-6.35
Manufacturing,12055000,6/1/2020,-7.06
"Trade, Transportation, and Utilities",26073000,6/1/2020,-6.36
Information,2630400,6/1/2020,-9.73
Financial Activities,8488100,6/1/2020,-2.63
Professional and Business Services,19873500,6/1/2020,-7.44
Education and Health Services,22510200,6/1/2020,-6.26
Leisure and Hospitality,11841800,6/1/2020,-31.09
Other Services,4979500,6/1/2020,-16.14
Government,21669100,6/1/2020,-5.57
"Mining, Logging, and Construction",7909100,7/1/2020,-6.65
Manufacturing,12070100,7/1/2020,-6.87
"Trade, Transportation, and Utilities",26465400,7/1/2020,-4.9
Information,2632100,7/1/2020,-9.46
Financial Activities,8538200,7/1/2020,-2.54
Professional and Business Services,20081000,7/1/2020,-6.59
Education and Health Services,22537700,7/1/2020,-5.62
Leisure and Hospitality,12525300,7/1/2020,-27.28
Other Services,5125400,7/1/2020,-13.57
Government,20799800,7/1/2020,-4.98
"Mining, Logging, and Construction",7956000,8/1/2020,-6.39
Manufacturing,12115900,8/1/2020,-6.51
"Trade, Transportation, and Utilities",26704100,8/1/2020,-4.11
Information,2648600,8/1/2020,-9.51
Financial Activities,8560200,8/1/2020,-2.36
Professional and Business Services,20284900,8/1/2020,-6.09
Education and Health Services,22772700,8/1/2020,-5.25
Leisure and Hospitality,12720300,8/1/2020,-26.02
Other Services,5136400,8/1/2020,-13.07
Government,21512500,8/1/2020,-3.29
"Mining, Logging, and Construction",7913800,9/1/2020,-6.18
Manufacturing,12132000,9/1/2020,-5.88
"Trade, Transportation, and Utilities",26836900,9/1/2020,-3.35
Information,2671500,9/1/2020,-7.97
Financial Activities,8512700,9/1/2020,-2.07
Professional and Business Services,20257100,9/1/2020,-5.6
Education and Health Services,23096100,9/1/2020,-5.03
Leisure and Hospitality,12732700,9/1/2020,-23.87
Other Services,5155500,9/1/2020,-11.82
Government,22404800,9/1/2020,-3.35
"Mining, Logging, and Construction",8002000,10/1/2020,-5.12
Manufacturing,12152500,10/1/2020,-5.22
"Trade, Transportation, and Utilities",27202100,10/1/2020,-2.99
Information,2693100,10/1/2020,-7.3
Financial Activities,8548100,10/1/2020,-2.17
Professional and Business Services,20625300,10/1/2020,-4.73
Education and Health Services,23424400,10/1/2020,-4.85
Leisure and Hospitality,12853400,10/1/2020,-22.52
Other Services,5200100,10/1/2020,-11.49
Government,22564100,10/1/2020,-4.22
"Mining, Logging, and Construction",7912500,11/1/2020,-5.07
Manufacturing,12179900,11/1/2020,-5.31
"Trade, Transportation, and Utilities",27805500,11/1/2020,-3.27
Information,2693600,11/1/2020,-8.67
Financial Activities,8556700,11/1/2020,-2.2
Professional and Business Services,20691300,11/1/2020,-4.84
Education and Health Services,23497700,11/1/2020,-5.03
Leisure and Hospitality,12709100,11/1/2020,-22.5
Other Services,5187000,11/1/2020,-11.72
Government,22579000,11/1/2020,-4.7
"Mining, Logging, and Construction",7812200,12/1/2020,-4.62
Manufacturing,12243800,12/1/2020,-4.9
"Trade, Transportation, and Utilities",28111700,12/1/2020,-2.93
Information,2694700,12/1/2020,-8.13
Financial Activities,8580100,12/1/2020,-2.2
Professional and Business Services,20748700,12/1/2020,-4.01
Education and Health Services,23406000,12/1/2020,-5.22
Leisure and Hospitality,12234200,12/1/2020,-25.45
Other Services,5154300,12/1/2020,-12.26
Government,22374400,12/1/2020,-5.08
"Mining, Logging, and Construction",7553900,1/1/2021,-4.74
Manufacturing,12126200,1/1/2021,-4.97
"Trade, Transportation, and Utilities",27299700,1/1/2021,-2.38
Information,2685000,1/1/2021,-7.96
Financial Activities,8518900,1/1/2021,-2.02
Professional and Business Services,20388600,1/1/2021,-3.78
Education and Health Services,23180400,1/1/2021,-5.18
Leisure and Hospitality,11949000,1/1/2021,-25.44
Other Services,5126900,1/1/2021,-12
Government,21990300,1/1/2021,-5.26
"Mining, Logging, and Construction",7490100,2/1/2021,-5.9
Manufacturing,12182000,2/1/2021,-4.72
"Trade, Transportation, and Utilities",27161200,2/1/2021,-1.93
Information,2701300,2/1/2021,-8.2
Financial Activities,8518100,2/1/2021,-2.32
Professional and Business Services,20531500,2/1/2021,-3.67
Education and Health Services,23442300,2/1/2021,-5.28
Leisure and Hospitality,12380400,2/1/2021,-23.47
Other Services,5160200,2/1/2021,-11.95
Government,22323100,2/1/2021,-5.26
"Mining, Logging, and Construction",7706100,3/1/2021,-3.65
Manufacturing,12251500,3/1/2021,-3.9
"Trade, Transportation, and Utilities",27263000,3/1/2021,-1.25
Information,2712400,3/1/2021,-7.33
Financial Activities,8533200,3/1/2021,-1.86
Professional and Business Services,20660200,3/1/2021,-2.45
Education and Health Services,23565800,3/1/2021,-4.27
Leisure and Hospitality,12798200,3/1/2021,-19.17
Other Services,5207900,3/1/2021,-9.98
Government,22443400,3/1/2021,-4.97
"Mining, Logging, and Construction",7878100,4/1/2021,10.6
Manufacturing,12218800,4/1/2021,8.32
"Trade, Transportation, and Utilities",27218300,4/1/2021,12.43
Information,2719300,4/1/2021,2.59
Financial Activities,8542500,4/1/2021,1.72
Professional and Business Services,20881300,4/1/2021,8.29
Education and Health Services,23606900,4/1/2021,7.41
Leisure and Hospitality,13285600,4/1/2021,52.14
Other Services,5263700,4/1/2021,21.2
Government,22530200,4/1/2021,-0.69
"Mining, Logging, and Construction",7994900,5/1/2021,4.73
Manufacturing,12276600,5/1/2021,6.34
"Trade, Transportation, and Utilities",27360200,5/1/2021,9.62
Information,2732400,5/1/2021,3.88
Financial Activities,8560600,5/1/2021,1.67
Professional and Business Services,20975300,5/1/2021,7.31
Education and Health Services,23592300,5/1/2021,5.86
Leisure and Hospitality,13867900,5/1/2021,38.43
Other Services,5307200,5/1/2021,14.93
Government,22489800,5/1/2021,1.33
