Race,Ethnicity,Year,Hispanic_Population_MOE,County,State,Population,Share
White Alone,Not Hispanic or Latino,2019,1202,Essex,NJ,238115,29.80%
White Alone,Hispanic or Latino,2019,7392,Essex,NJ,114201,14.29%
Black or African American Alone,Not Hispanic or Latino,2019,2849,Essex,NJ,307051,38.43%
Black or African American Alone,Hispanic or Latino,2019,2913,Essex,NJ,11570,1.45%
American Indian & Alaska Native Alone,Not Hispanic or Latino,2019,527,Essex,NJ,1376,0.17%
American Indian & Alaska Native Alone,Hispanic or Latino,2019,410,Essex,NJ,521,0.07%
Asian Alone,Not Hispanic or Latino,2019,1217,Essex,NJ,43261,5.41%
Asian Alone,Hispanic or Latino,2019,562,Essex,NJ,747,0.09%
Native Hawaiian & Other Pacific Islander Alone,Not Hispanic or Latino,2019,186,Essex,NJ,120,0.02%
Native Hawaiian & Other Pacific Islander Alone,Hispanic or Latino,2019,213,Essex,NJ,0,0.00%
Some Other Race Alone,Not Hispanic or Latino,2019,1862,Essex,NJ,7038,0.88%
Some Other Race Alone,Hispanic or Latino,2019,8389,Essex,NJ,50498,6.32%
Two or More Races,Not Hispanic or Latino,2019,2551,Essex,NJ,12001,1.50%
Two or More Races,Hispanic or Latino,2019,3790,Essex,NJ,12476,1.56%
White Alone,Not Hispanic or Latino,2018,2248,Essex,NJ,237411,29.69%
White Alone,Hispanic or Latino,2018,7717,Essex,NJ,90365,11.30%
Black or African American Alone,Not Hispanic or Latino,2018,3242,Essex,NJ,307128,38.40%
Black or African American Alone,Hispanic or Latino,2018,3796,Essex,NJ,11727,1.47%
American Indian & Alaska Native Alone,Not Hispanic or Latino,2018,528,Essex,NJ,485,0.06%
American Indian & Alaska Native Alone,Hispanic or Latino,2018,437,Essex,NJ,591,0.07%
Asian Alone,Not Hispanic or Latino,2018,1125,Essex,NJ,44199,5.53%
Asian Alone,Hispanic or Latino,2018,220,Essex,NJ,248,0.03%
Native Hawaiian & Other Pacific Islander Alone,Not Hispanic or Latino,2018,99,Essex,NJ,60,0.01%
Native Hawaiian & Other Pacific Islander Alone,Hispanic or Latino,2018,408,Essex,NJ,241,0.03%
Some Other Race Alone,Not Hispanic or Latino,2018,3638,Essex,NJ,10749,1.34%
Some Other Race Alone,Hispanic or Latino,2018,8066,Essex,NJ,77551,9.70%
Two or More Races,Not Hispanic or Latino,2018,2383,Essex,NJ,11417,1.43%
Two or More Races,Hispanic or Latino,2018,2268,Essex,NJ,7595,0.95%
White Alone,Not Hispanic or Latino,2017,1746,Essex,NJ,244348,30.23%
White Alone,Hispanic or Latino,2017,6849,Essex,NJ,101522,12.56%
Black or African American Alone,Not Hispanic or Latino,2017,2514,Essex,NJ,311994,38.60%
Black or African American Alone,Hispanic or Latino,2017,2412,Essex,NJ,9421,1.17%
American Indian & Alaska Native Alone,Not Hispanic or Latino,2017,319,Essex,NJ,330,0.04%
American Indian & Alaska Native Alone,Hispanic or Latino,2017,349,Essex,NJ,445,0.06%
Asian Alone,Not Hispanic or Latino,2017,1141,Essex,NJ,44063,5.45%
Asian Alone,Hispanic or Latino,2017,252,Essex,NJ,270,0.03%
Native Hawaiian & Other Pacific Islander Alone,Not Hispanic or Latino,2017,448,Essex,NJ,291,0.04%
Native Hawaiian & Other Pacific Islander Alone,Hispanic or Latino,2017,295,Essex,NJ,215,0.03%
Some Other Race Alone,Not Hispanic or Latino,2017,2644,Essex,NJ,8340,1.03%
Some Other Race Alone,Hispanic or Latino,2017,7131,Essex,NJ,67751,8.38%
Two or More Races,Not Hispanic or Latino,2017,2208,Essex,NJ,11189,1.38%
Two or More Races,Hispanic or Latino,2017,2290,Essex,NJ,8106,1.00%
White Alone,Not Hispanic or Latino,2016,847,Essex,NJ,247816,31.10%
White Alone,Hispanic or Latino,2016,6512,Essex,NJ,107666,13.51%
Black or African American Alone,Not Hispanic or Latino,2016,3350,Essex,NJ,307768,38.62%
Black or African American Alone,Hispanic or Latino,2016,2311,Essex,NJ,9430,1.18%
American Indian & Alaska Native Alone,Not Hispanic or Latino,2016,240,Essex,NJ,237,0.03%
American Indian & Alaska Native Alone,Hispanic or Latino,2016,856,Essex,NJ,1281,0.16%
Asian Alone,Not Hispanic or Latino,2016,1289,Essex,NJ,41922,5.26%
Asian Alone,Hispanic or Latino,2016,380,Essex,NJ,376,0.05%
Native Hawaiian & Other Pacific Islander Alone,Not Hispanic or Latino,2016,200,Essex,NJ,0,0.00%
Native Hawaiian & Other Pacific Islander Alone,Hispanic or Latino,2016,200,Essex,NJ,0,0.00%
Some Other Race Alone,Not Hispanic or Latino,2016,1888,Essex,NJ,4912,0.62%
Some Other Race Alone,Hispanic or Latino,2016,6055,Essex,NJ,53835,6.76%
Two or More Races,Not Hispanic or Latino,2016,3248,Essex,NJ,13537,1.70%
Two or More Races,Hispanic or Latino,2016,3170,Essex,NJ,8134,1.02%
White Alone,Not Hispanic or Latino,2015,1359,Essex,NJ,250387,31.40%
White Alone,Hispanic or Latino,2015,6816,Essex,NJ,83154,10.43%
Black or African American Alone,Not Hispanic or Latino,2015,2163,Essex,NJ,307074,38.51%
Black or African American Alone,Hispanic or Latino,2015,2015,Essex,NJ,7725,0.97%
American Indian & Alaska Native Alone,Not Hispanic or Latino,2015,735,Essex,NJ,929,0.12%
American Indian & Alaska Native Alone,Hispanic or Latino,2015,802,Essex,NJ,807,0.10%
Asian Alone,Not Hispanic or Latino,2015,1259,Essex,NJ,41148,5.16%
Asian Alone,Hispanic or Latino,2015,426,Essex,NJ,510,0.06%
Native Hawaiian & Other Pacific Islander Alone,Not Hispanic or Latino,2015,100,Essex,NJ,82,0.01%
Native Hawaiian & Other Pacific Islander Alone,Hispanic or Latino,2015,197,Essex,NJ,0,0.00%
Some Other Race Alone,Not Hispanic or Latino,2015,2005,Essex,NJ,6326,0.79%
Some Other Race Alone,Hispanic or Latino,2015,7473,Essex,NJ,78565,9.85%
Two or More Races,Not Hispanic or Latino,2015,2208,Essex,NJ,12651,1.59%
Two or More Races,Hispanic or Latino,2015,2429,Essex,NJ,8076,1.01%
White Alone,Not Hispanic or Latino,2014,1775,Essex,NJ,250948,31.54%
White Alone,Hispanic or Latino,2014,6295,Essex,NJ,76007,9.55%
Black or African American Alone,Not Hispanic or Latino,2014,1410,Essex,NJ,310841,39.06%
Black or African American Alone,Hispanic or Latino,2014,2117,Essex,NJ,7808,0.98%
American Indian & Alaska Native Alone,Not Hispanic or Latino,2014,423,Essex,NJ,1519,0.19%
American Indian & Alaska Native Alone,Hispanic or Latino,2014,589,Essex,NJ,721,0.09%
Asian Alone,Not Hispanic or Latino,2014,1010,Essex,NJ,39922,5.02%
Asian Alone,Hispanic or Latino,2014,152,Essex,NJ,119,0.01%
Native Hawaiian & Other Pacific Islander Alone,Not Hispanic or Latino,2014,193,Essex,NJ,225,0.03%
Native Hawaiian & Other Pacific Islander Alone,Hispanic or Latino,2014,195,Essex,NJ,0,0.00%
Some Other Race Alone,Not Hispanic or Latino,2014,1865,Essex,NJ,7021,0.88%
Some Other Race Alone,Hispanic or Latino,2014,5474,Essex,NJ,83989,10.56%
Two or More Races,Not Hispanic or Latino,2014,1589,Essex,NJ,9049,1.14%
Two or More Races,Hispanic or Latino,2014,2258,Essex,NJ,7554,0.95%
White Alone,Not Hispanic or Latino,2013,1976,Essex,NJ,252098,31.93%
White Alone,Hispanic or Latino,2013,6095,Essex,NJ,73183,9.27%
Black or African American Alone,Not Hispanic or Latino,2013,1792,Essex,NJ,306638,38.84%
Black or African American Alone,Hispanic or Latino,2013,2705,Essex,NJ,13824,1.75%
American Indian & Alaska Native Alone,Not Hispanic or Latino,2013,456,Essex,NJ,960,0.12%
American Indian & Alaska Native Alone,Hispanic or Latino,2013,893,Essex,NJ,1113,0.14%
Asian Alone,Not Hispanic or Latino,2013,1300,Essex,NJ,38752,4.91%
Asian Alone,Hispanic or Latino,2013,362,Essex,NJ,373,0.05%
Native Hawaiian & Other Pacific Islander Alone,Not Hispanic or Latino,2013,84,Essex,NJ,43,0.01%
Native Hawaiian & Other Pacific Islander Alone,Hispanic or Latino,2013,200,Essex,NJ,0,0.00%
Some Other Race Alone,Not Hispanic or Latino,2013,2353,Essex,NJ,8819,1.12%
Some Other Race Alone,Hispanic or Latino,2013,5996,Essex,NJ,71496,9.06%
Two or More Races,Not Hispanic or Latino,2013,1748,Essex,NJ,10932,1.38%
Two or More Races,Hispanic or Latino,2013,3762,Essex,NJ,11334,1.44%
