"","Race","Ethnicity","Year","Population","share"
"1","White Alone","Not Hispanic or Latino",2019,4824866,54.32%
"2","White Alone","Hispanic or Latino",2019,1139429,12.83%
"3","Black or African American Alone","Not Hispanic or Latino",2019,1124643,12.66%
"4","Black or African American Alone","Hispanic or Latino",2019,79200,0.89%
"5","American Indian & Alaska Native Alone","Not Hispanic or Latino",2019,9261,0.10%
"6","American Indian & Alaska Native Alone","Hispanic or Latino",2019,9179,0.10%
"7","Asian Alone","Not Hispanic or Latino",2019,849020,9.56%
"8","Asian Alone","Hispanic or Latino",2019,7541,0.08%
"9","Native Hawaiian & Other Pacific Islander Alone","Not Hispanic or Latino",2019,2714,0.03%
"10","Native Hawaiian & Other Pacific Islander Alone","Hispanic or Latino",2019,540,0.01%
"11","Some Other Race Alone","Not Hispanic or Latino",2019,47706,0.54%
"12","Some Other Race Alone","Hispanic or Latino",2019,523662,5.90%
"13","Two or More Races","Not Hispanic or Latino",2019,167135,1.88%
"14","Two or More Races","Hispanic or Latino",2019,97294,1.10%
"15","White Alone","Not Hispanic or Latino",2018,4864534,54.61%
"16","White Alone","Hispanic or Latino",2018,1092005,12.26%
"17","Black or African American Alone","Not Hispanic or Latino",2018,1137645,12.77%
"18","Black or African American Alone","Hispanic or Latino",2018,70350,0.79%
"19","American Indian & Alaska Native Alone","Not Hispanic or Latino",2018,8921,0.10%
"20","American Indian & Alaska Native Alone","Hispanic or Latino",2018,12210,0.14%
"21","Asian Alone","Not Hispanic or Latino",2018,861223,9.67%
"22","Asian Alone","Hispanic or Latino",2018,6990,0.08%
"23","Native Hawaiian & Other Pacific Islander Alone","Not Hispanic or Latino",2018,1777,0.02%
"24","Native Hawaiian & Other Pacific Islander Alone","Hispanic or Latino",2018,1132,0.01%
"25","Some Other Race Alone","Not Hispanic or Latino",2018,40261,0.45%
"26","Some Other Race Alone","Hispanic or Latino",2018,564073,6.33%
"27","Two or More Races","Not Hispanic or Latino",2018,154800,1.74%
"28","Two or More Races","Hispanic or Latino",2018,92599,1.04%
"29","White Alone","Not Hispanic or Latino",2017,4939479,54.85%
"30","White Alone","Hispanic or Latino",2017,1172759,13.02%
"31","Black or African American Alone","Not Hispanic or Latino",2017,1148321,12.75%
"32","Black or African American Alone","Hispanic or Latino",2017,69251,0.77%
"33","American Indian & Alaska Native Alone","Not Hispanic or Latino",2017,9074,0.10%
"34","American Indian & Alaska Native Alone","Hispanic or Latino",2017,8769,0.10%
"35","Asian Alone","Not Hispanic or Latino",2017,882064,9.79%
"36","Asian Alone","Hispanic or Latino",2017,4197,0.05%
"37","Native Hawaiian & Other Pacific Islander Alone","Not Hispanic or Latino",2017,1919,0.02%
"38","Native Hawaiian & Other Pacific Islander Alone","Hispanic or Latino",2017,1852,0.02%
"39","Some Other Race Alone","Not Hispanic or Latino",2017,36707,0.41%
"40","Some Other Race Alone","Hispanic or Latino",2017,501664,5.57%
"41","Two or More Races","Not Hispanic or Latino",2017,147647,1.64%
"42","Two or More Races","Hispanic or Latino",2017,81941,0.91%
"43","White Alone","Not Hispanic or Latino",2016,4966755,55.53%
"44","White Alone","Hispanic or Latino",2016,1124153,12.57%
"45","Black or African American Alone","Not Hispanic or Latino",2016,1130491,12.64%
"46","Black or African American Alone","Hispanic or Latino",2016,64094,0.72%
"47","American Indian & Alaska Native Alone","Not Hispanic or Latino",2016,8810,0.10%
"48","American Indian & Alaska Native Alone","Hispanic or Latino",2016,11375,0.13%
"49","Asian Alone","Not Hispanic or Latino",2016,849117,9.49%
"50","Asian Alone","Hispanic or Latino",2016,5064,0.06%
"51","Native Hawaiian & Other Pacific Islander Alone","Not Hispanic or Latino",2016,2840,0.03%
"52","Native Hawaiian & Other Pacific Islander Alone","Hispanic or Latino",2016,914,0.01%
"53","Some Other Race Alone","Not Hispanic or Latino",2016,40991,0.46%
"54","Some Other Race Alone","Hispanic or Latino",2016,502539,5.62%
"55","Two or More Races","Not Hispanic or Latino",2016,158796,1.78%
"56","Two or More Races","Hispanic or Latino",2016,78530,0.88%
"57","White Alone","Not Hispanic or Latino",2015,5020807,56.05%
"58","White Alone","Hispanic or Latino",2015,1039460,11.60%
"59","Black or African American Alone","Not Hispanic or Latino",2015,1134226,12.66%
"60","Black or African American Alone","Hispanic or Latino",2015,64387,0.72%
"61","American Indian & Alaska Native Alone","Not Hispanic or Latino",2015,7968,0.09%
"62","American Indian & Alaska Native Alone","Hispanic or Latino",2015,8902,0.10%
"63","Asian Alone","Not Hispanic or Latino",2015,842221,9.40%
"64","Asian Alone","Hispanic or Latino",2015,7019,0.08%
"65","Native Hawaiian & Other Pacific Islander Alone","Not Hispanic or Latino",2015,2707,0.03%
"66","Native Hawaiian & Other Pacific Islander Alone","Hispanic or Latino",2015,849,0.01%
"67","Some Other Race Alone","Not Hispanic or Latino",2015,32153,0.36%
"68","Some Other Race Alone","Hispanic or Latino",2015,553702,6.18%
"69","Two or More Races","Not Hispanic or Latino",2015,155752,1.74%
"70","Two or More Races","Hispanic or Latino",2015,87860,0.98%
"71","White Alone","Not Hispanic or Latino",2014,5059967,56.61%
"72","White Alone","Hispanic or Latino",2014,993689,11.12%
"73","Black or African American Alone","Not Hispanic or Latino",2014,1145128,12.81%
"74","Black or African American Alone","Hispanic or Latino",2014,66926,0.75%
"75","American Indian & Alaska Native Alone","Not Hispanic or Latino",2014,9792,0.11%
"76","American Indian & Alaska Native Alone","Hispanic or Latino",2014,5478,0.06%
"77","Asian Alone","Not Hispanic or Latino",2014,823584,9.21%
"78","Asian Alone","Hispanic or Latino",2014,3909,0.04%
"79","Native Hawaiian & Other Pacific Islander Alone","Not Hispanic or Latino",2014,2294,0.03%
"80","Native Hawaiian & Other Pacific Islander Alone","Hispanic or Latino",2014,301,0.00%
"81","Some Other Race Alone","Not Hispanic or Latino",2014,36607,0.41%
"82","Some Other Race Alone","Hispanic or Latino",2014,584592,6.54%
"83","Two or More Races","Not Hispanic or Latino",2014,131631,1.47%
"84","Two or More Races","Hispanic or Latino",2014,74277,0.83%
"85","White Alone","Not Hispanic or Latino",2013,5099422,57.30%
"86","White Alone","Hispanic or Latino",2013,969053,10.89%
"87","Black or African American Alone","Not Hispanic or Latino",2013,1135008,12.75%
"88","Black or African American Alone","Hispanic or Latino",2013,80828,0.91%
"89","American Indian & Alaska Native Alone","Not Hispanic or Latino",2013,8701,0.10%
"90","American Indian & Alaska Native Alone","Hispanic or Latino",2013,7721,0.09%
"91","Asian Alone","Not Hispanic or Latino",2013,796851,8.95%
"92","Asian Alone","Hispanic or Latino",2013,5028,0.06%
"93","Native Hawaiian & Other Pacific Islander Alone","Not Hispanic or Latino",2013,1118,0.01%
"94","Native Hawaiian & Other Pacific Islander Alone","Hispanic or Latino",2013,515,0.01%
"95","Some Other Race Alone","Not Hispanic or Latino",2013,39904,0.45%
"96","Some Other Race Alone","Hispanic or Latino",2013,537852,6.04%
"97","Two or More Races","Not Hispanic or Latino",2013,134321,1.51%
"98","Two or More Races","Hispanic or Latino",2013,83017,0.93%
