ID Race,Race,ID Ethnicity,Ethnicity,ID Year,Year,Hispanic Population Moe,Geography,ID Geography,Slug Geography,Population,share
0,"White Alone",0,"Not Hispanic or Latino",2019,"2019",1202,"Essex County, NJ","05000US34013","essex-county-nj",238115,0.2980255952939704
0,"White Alone",1,"Hispanic or Latino",2019,"2019",7392,"Essex County, NJ","05000US34013","essex-county-nj",114201,0.14293438468037173
1,"Black or African American Alone",0,"Not Hispanic or Latino",2019,"2019",2849,"Essex County, NJ","05000US34013","essex-county-nj",307051,0.38430614224475107
1,"Black or African American Alone",1,"Hispanic or Latino",2019,"2019",2913,"Essex County, NJ","05000US34013","essex-county-nj",11570,0.014481053850245628
2,"American Indian & Alaska Native Alone",0,"Not Hispanic or Latino",2019,"2019",527,"Essex County, NJ","05000US34013","essex-county-nj",1376,0.001722206577177008
2,"American Indian & Alaska Native Alone",1,"Hispanic or Latino",2019,"2019",410,"Essex County, NJ","05000US34013","essex-county-nj",521,0.0006520854845270503
3,"Asian Alone",0,"Not Hispanic or Latino",2019,"2019",1217,"Essex County, NJ","05000US34013","essex-county-nj",43261,0.05414562408085359
3,"Asian Alone",1,"Hispanic or Latino",2019,"2019",562,"Essex County, NJ","05000US34013","essex-county-nj",747,0.0009349479019994368
4,"Native Hawaiian & Other Pacific Islander Alone",0,"Not Hispanic or Latino",2019,"2019",186,"Essex County, NJ","05000US34013","essex-county-nj",120,0.00015019243405613443
4,"Native Hawaiian & Other Pacific Islander Alone",1,"Hispanic or Latino",2019,"2019",213,"Essex County, NJ","05000US34013","essex-county-nj",0,0
5,"Some Other Race Alone",0,"Not Hispanic or Latino",2019,"2019",1862.0000000000002,"Essex County, NJ","05000US34013","essex-county-nj",7038,0.008808786257392284
5,"Some Other Race Alone",1,"Hispanic or Latino",2019,"2019",8389,"Essex County, NJ","05000US34013","essex-county-nj",50498,0.06320347945805563
6,"Two or More Races",0,"Not Hispanic or Latino",2019,"2019",2551.30554814589,"Essex County, NJ","05000US34013","essex-county-nj",12001,0.015020495009230576
6,"Two or More Races",1,"Hispanic or Latino",2019,"2019",3790.0265170576317,"Essex County, NJ","05000US34013","essex-county-nj",12476,0.015615006727369441
0,"White Alone",0,"Not Hispanic or Latino",2018,"2018",2248,"Essex County, NJ","05000US34013","essex-county-nj",237411,0.2968502076229702
0,"White Alone",1,"Hispanic or Latino",2018,"2018",7717,"Essex County, NJ","05000US34013","essex-county-nj",90365,0.11298915809229439
1,"Black or African American Alone",0,"Not Hispanic or Latino",2018,"2018",3242,"Essex County, NJ","05000US34013","essex-county-nj",307128,0.38402184636275316
1,"Black or African American Alone",1,"Hispanic or Latino",2018,"2018",3796,"Essex County, NJ","05000US34013","essex-county-nj",11727,0.014663020604751133
2,"American Indian & Alaska Native Alone",0,"Not Hispanic or Latino",2018,"2018",528,"Essex County, NJ","05000US34013","essex-county-nj",485,0.0006064266217535858
2,"American Indian & Alaska Native Alone",1,"Hispanic or Latino",2018,"2018",437.00000000000006,"Essex County, NJ","05000US34013","essex-county-nj",591,0.0007389652236213797
3,"Asian Alone",0,"Not Hispanic or Latino",2018,"2018",1125,"Essex County, NJ","05000US34013","essex-county-nj",44199,0.055264845886364405
3,"Asian Alone",1,"Hispanic or Latino",2018,"2018",219.99999999999997,"Essex County, NJ","05000US34013","essex-county-nj",248,0.00031009031380389537
4,"Native Hawaiian & Other Pacific Islander Alone",0,"Not Hispanic or Latino",2018,"2018",99,"Essex County, NJ","05000US34013","essex-county-nj",60,0.00007502185011384566
4,"Native Hawaiian & Other Pacific Islander Alone",1,"Hispanic or Latino",2018,"2018",408,"Essex County, NJ","05000US34013","essex-county-nj",241,0.0003013377646239467
5,"Some Other Race Alone",0,"Not Hispanic or Latino",2018,"2018",3638,"Essex County, NJ","05000US34013","essex-county-nj",10749,0.013440164447895449
5,"Some Other Race Alone",1,"Hispanic or Latino",2018,"2018",8066,"Essex County, NJ","05000US34013","essex-county-nj",77551,0.09696699163631407
6,"Two or More Races",0,"Not Hispanic or Latino",2018,"2018",2383.113929295031,"Essex County, NJ","05000US34013","essex-county-nj",11417,0.014275407712496264
6,"Two or More Races",1,"Hispanic or Latino",2018,"2018",2268.335292676107,"Essex County, NJ","05000US34013","essex-county-nj",7595,0.009496515860244296
0,"White Alone",0,"Not Hispanic or Latino",2017,"2017",1746,"Essex County, NJ","05000US34013","essex-county-nj",244348,0.30230426149192424
0,"White Alone",1,"Hispanic or Latino",2017,"2017",6849,"Essex County, NJ","05000US34013","essex-county-nj",101522,0.12560173701107902
1,"Black or African American Alone",0,"Not Hispanic or Latino",2017,"2017",2514,"Essex County, NJ","05000US34013","essex-county-nj",311994,0.38599503887861336
1,"Black or African American Alone",1,"Hispanic or Latino",2017,"2017",2412,"Essex County, NJ","05000US34013","essex-county-nj",9421,0.011655542290157556
2,"American Indian & Alaska Native Alone",0,"Not Hispanic or Latino",2017,"2017",319,"Essex County, NJ","05000US34013","essex-county-nj",330,0.00040827183481074124
2,"American Indian & Alaska Native Alone",1,"Hispanic or Latino",2017,"2017",349,"Essex County, NJ","05000US34013","essex-county-nj",445,0.0005505483833053935
3,"Asian Alone",0,"Not Hispanic or Latino",2017,"2017",1141,"Essex County, NJ","05000US34013","essex-county-nj",44063,0.054514187446259674
3,"Asian Alone",1,"Hispanic or Latino",2017,"2017",252.00000000000003,"Essex County, NJ","05000US34013","essex-county-nj",270,0.0003340405921178792
4,"Native Hawaiian & Other Pacific Islander Alone",0,"Not Hispanic or Latino",2017,"2017",448,"Essex County, NJ","05000US34013","essex-county-nj",291,0.00036002152706038094
4,"Native Hawaiian & Other Pacific Islander Alone",1,"Hispanic or Latino",2017,"2017",295,"Essex County, NJ","05000US34013","essex-county-nj",215,0.000265995286316089
5,"Some Other Race Alone",0,"Not Hispanic or Latino",2017,"2017",2644,"Essex County, NJ","05000US34013","essex-county-nj",8340,0.010318142734307825
5,"Some Other Race Alone",1,"Hispanic or Latino",2017,"2017",7131,"Essex County, NJ","05000US34013","essex-county-nj",67751,0.08382068206140161
6,"Two or More Races",0,"Not Hispanic or Latino",2017,"2017",2208.4648514296077,"Essex County, NJ","05000US34013","essex-county-nj",11189,0.013842889574840558
6,"Two or More Races",1,"Hispanic or Latino",2017,"2017",2289.5606565452686,"Essex County, NJ","05000US34013","essex-county-nj",8106,0.010028640887805662
0,"White Alone",0,"Not Hispanic or Latino",2016,"2016",846.9999999999999,"Essex County, NJ","05000US34013","essex-county-nj",247816,0.31096956509736307
0,"White Alone",1,"Hispanic or Latino",2016,"2016",6512,"Essex County, NJ","05000US34013","essex-county-nj",107666,0.13510366237762167
1,"Black or African American Alone",0,"Not Hispanic or Latino",2016,"2016",3350,"Essex County, NJ","05000US34013","essex-county-nj",307768,0.3861997655957857
1,"Black or African American Alone",1,"Hispanic or Latino",2016,"2016",2311,"Essex County, NJ","05000US34013","essex-county-nj",9430,0.011833146362091769
2,"American Indian & Alaska Native Alone",0,"Not Hispanic or Latino",2016,"2016",240.00000000000003,"Essex County, NJ","05000US34013","essex-county-nj",237,0.00029739720973655877
2,"American Indian & Alaska Native Alone",1,"Hispanic or Latino",2016,"2016",855.9999999999999,"Essex County, NJ","05000US34013","essex-county-nj",1281,0.0016074507412343114
3,"Asian Alone",0,"Not Hispanic or Latino",2016,"2016",1289,"Essex County, NJ","05000US34013","essex-county-nj",41922,0.05260542542859079
3,"Asian Alone",1,"Hispanic or Latino",2016,"2016",380,"Essex County, NJ","05000US34013","essex-county-nj",376,0.0004718200458267768
4,"Native Hawaiian & Other Pacific Islander Alone",0,"Not Hispanic or Latino",2016,"2016",200,"Essex County, NJ","05000US34013","essex-county-nj",0,0
4,"Native Hawaiian & Other Pacific Islander Alone",1,"Hispanic or Latino",2016,"2016",200,"Essex County, NJ","05000US34013","essex-county-nj",0,0
5,"Some Other Race Alone",0,"Not Hispanic or Latino",2016,"2016",1888,"Essex County, NJ","05000US34013","essex-county-nj",4912,0.006163776768885978
5,"Some Other Race Alone",1,"Hispanic or Latino",2016,"2016",6055,"Essex County, NJ","05000US34013","essex-county-nj",53835,0.06755434086990567
6,"Two or More Races",0,"Not Hispanic or Latino",2016,"2016",3247.7552247667927,"Essex County, NJ","05000US34013","essex-county-nj",13537,0.016986776490311377
6,"Two or More Races",1,"Hispanic or Latino",2016,"2016",3170.141952657641,"Essex County, NJ","05000US34013","essex-county-nj",8134,0.010206873012646283
0,"White Alone",0,"Not Hispanic or Latino",2015,"2015",1359,"Essex County, NJ","05000US34013","essex-county-nj",250387,0.31399087573391654
0,"White Alone",1,"Hispanic or Latino",2015,"2015",6816,"Essex County, NJ","05000US34013","essex-county-nj",83154,0.10427696837606623
1,"Black or African American Alone",0,"Not Hispanic or Latino",2015,"2015",2163,"Essex County, NJ","05000US34013","essex-county-nj",307074,0.3850776365191351
1,"Black or African American Alone",1,"Hispanic or Latino",2015,"2015",2015,"Essex County, NJ","05000US34013","essex-county-nj",7725,0.009687322085589528
2,"American Indian & Alaska Native Alone",0,"Not Hispanic or Latino",2015,"2015",735,"Essex County, NJ","05000US34013","essex-county-nj",929,0.0011649866948236468
2,"American Indian & Alaska Native Alone",1,"Hispanic or Latino",2015,"2015",802,"Essex County, NJ","05000US34013","essex-county-nj",807,0.001011995977096537
3,"Asian Alone",0,"Not Hispanic or Latino",2015,"2015",1259,"Essex County, NJ","05000US34013","essex-county-nj",41148,0.05160050863143533
3,"Asian Alone",1,"Hispanic or Latino",2015,"2015",426,"Essex County, NJ","05000US34013","essex-county-nj",510,0.0006395513609903766
4,"Native Hawaiian & Other Pacific Islander Alone",0,"Not Hispanic or Latino",2015,"2015",100,"Essex County, NJ","05000US34013","essex-county-nj",82,0.00010282982666904095
4,"Native Hawaiian & Other Pacific Islander Alone",1,"Hispanic or Latino",2015,"2015",197,"Essex County, NJ","05000US34013","essex-county-nj",0,0
5,"Some Other Race Alone",0,"Not Hispanic or Latino",2015,"2015",2005,"Essex County, NJ","05000US34013","essex-county-nj",6326,0.007932944920833573
5,"Some Other Race Alone",1,"Hispanic or Latino",2015,"2015",7473.000000000001,"Essex County, NJ","05000US34013","essex-county-nj",78565,0.09852226014942929
6,"Two or More Races",0,"Not Hispanic or Latino",2015,"2015",2208.273986623942,"Essex County, NJ","05000US34013","essex-county-nj",12651,0.015864635819390696
6,"Two or More Races",1,"Hispanic or Latino",2015,"2015",2428.610508088936,"Essex County, NJ","05000US34013","essex-county-nj",8076,0.010127483904624082
0,"White Alone",0,"Not Hispanic or Latino",2014,"2014",1774.9999999999998,"Essex County, NJ","05000US34013","essex-county-nj",250948,0.3153710524893713
0,"White Alone",1,"Hispanic or Latino",2014,"2014",6295,"Essex County, NJ","05000US34013","essex-county-nj",76007,0.09551942070293305
1,"Black or African American Alone",0,"Not Hispanic or Latino",2014,"2014",1410,"Essex County, NJ","05000US34013","essex-county-nj",310841,0.3906397075364166
1,"Black or African American Alone",1,"Hispanic or Latino",2014,"2014",2117,"Essex County, NJ","05000US34013","essex-county-nj",7808,0.00981245986354548
2,"American Indian & Alaska Native Alone",0,"Not Hispanic or Latino",2014,"2014",423.00000000000006,"Essex County, NJ","05000US34013","essex-county-nj",1519,0.001908955754703584
2,"American Indian & Alaska Native Alone",1,"Hispanic or Latino",2014,"2014",589,"Essex County, NJ","05000US34013","essex-county-nj",721,0.0009060942061496274
3,"Asian Alone",0,"Not Hispanic or Latino",2014,"2014",1010,"Essex County, NJ","05000US34013","essex-county-nj",39922,0.05017072523981335
3,"Asian Alone",1,"Hispanic or Latino",2014,"2014",152,"Essex County, NJ","05000US34013","essex-county-nj",119,0.00014954952917032685
4,"Native Hawaiian & Other Pacific Islander Alone",0,"Not Hispanic or Latino",2014,"2014",193,"Essex County, NJ","05000US34013","essex-county-nj",225,0.0002827617148178449
4,"Native Hawaiian & Other Pacific Islander Alone",1,"Hispanic or Latino",2014,"2014",195,"Essex County, NJ","05000US34013","essex-county-nj",0,0
5,"Some Other Race Alone",0,"Not Hispanic or Latino",2014,"2014",1865,"Essex County, NJ","05000US34013","essex-county-nj",7021,0.008823422221049284
5,"Some Other Race Alone",1,"Hispanic or Latino",2014,"2014",5474,"Essex County, NJ","05000US34013","essex-county-nj",83989,0.10555054962593767
6,"Two or More Races",0,"Not Hispanic or Latino",2014,"2014",1588.6538326520351,"Essex County, NJ","05000US34013","essex-county-nj",9049,0.01137204781060746
6,"Two or More Races",1,"Hispanic or Latino",2014,"2014",2257.945969238414,"Essex County, NJ","05000US34013","essex-county-nj",7554,0.009493253305484447
0,"White Alone",0,"Not Hispanic or Latino",2013,"2013",1976,"Essex County, NJ","05000US34013","essex-county-nj",252098,0.319287202446917
0,"White Alone",1,"Hispanic or Latino",2013,"2013",6095,"Essex County, NJ","05000US34013","essex-county-nj",73183,0.09268774578407098
1,"Black or African American Alone",0,"Not Hispanic or Latino",2013,"2013",1792,"Essex County, NJ","05000US34013","essex-county-nj",306638,0.38836321265506957
1,"Black or African American Alone",1,"Hispanic or Latino",2013,"2013",2705,"Essex County, NJ","05000US34013","essex-county-nj",13824,0.017508374864640658
2,"American Indian & Alaska Native Alone",0,"Not Hispanic or Latino",2013,"2013",456.00000000000006,"Essex County, NJ","05000US34013","essex-county-nj",960,0.0012158593656000456
2,"American Indian & Alaska Native Alone",1,"Hispanic or Latino",2013,"2013",893.0000000000001,"Essex County, NJ","05000US34013","essex-county-nj",1113,0.0014096369519925528
3,"Asian Alone",0,"Not Hispanic or Latino",2013,"2013",1300,"Essex County, NJ","05000US34013","essex-county-nj",38752,0.04908018972472184
3,"Asian Alone",1,"Hispanic or Latino",2013,"2013",362,"Essex County, NJ","05000US34013","essex-county-nj",373,0.0004724120243425177
4,"Native Hawaiian & Other Pacific Islander Alone",0,"Not Hispanic or Latino",2013,"2013",84,"Essex County, NJ","05000US34013","essex-county-nj",43,0.00005446036741750204
4,"Native Hawaiian & Other Pacific Islander Alone",1,"Hispanic or Latino",2013,"2013",200,"Essex County, NJ","05000US34013","essex-county-nj",0,0
5,"Some Other Race Alone",0,"Not Hispanic or Latino",2013,"2013",2353,"Essex County, NJ","05000US34013","essex-county-nj",8819,0.01116944140127792
5,"Some Other Race Alone",1,"Hispanic or Latino",2013,"2013",5996,"Essex County, NJ","05000US34013","essex-county-nj",71496,0.0905511262530634
6,"Two or More Races",0,"Not Hispanic or Latino",2013,"2013",1748.101255648539,"Essex County, NJ","05000US34013","essex-county-nj",10932,0.01384559852577052
6,"Two or More Races",1,"Hispanic or Latino",2013,"2013",3761.9933545927483,"Essex County, NJ","05000US34013","essex-county-nj",11334,0.014354739635115538